,industry,name,symbol
0,专用设备,锦浪科技,300763
1,专用设备,明阳智能,601615
2,专用设备,宇晶股份,002943
3,专用设备,锋龙股份,002931
4,专用设备,宝色股份,300402
5,专用设备,中船应急,300527
6,专用设备,奥特维,688516
7,专用设备,宁波东力,002164
8,专用设备,帝尔激光,300776
9,专用设备,雪浪环境,300385
10,专用设备,昌红科技,300151
11,专用设备,浙矿股份,300837
12,专用设备,博杰股份,002975
13,专用设备,上机数控,603185
14,专用设备,东方精工,002611
15,专用设备,天永智能,603895
16,专用设备,雄帝科技,300546
17,专用设备,劲拓股份,300400
18,专用设备,晶澳科技,002459
19,专用设备,三达膜,688101
20,专用设备,运达股份,300772
21,专用设备,英杰电气,300820
22,专用设备,杭可科技,688006
23,专用设备,科安达,002972
24,专用设备,迈为股份,300751
25,专用设备,清溢光电,688138
26,专用设备,久吾高科,300631
27,专用设备,欧普康视,300595
28,专用设备,杰克股份,603337
29,专用设备,优德精密,300549
30,专用设备,应流股份,603308
31,专用设备,安徽合力,600761
32,专用设备,森远股份,300210
33,专用设备,长城军工,601606
34,专用设备,先导智能,300450
35,专用设备,中兵红箭,000519
36,专用设备,捷佳伟创,300724
37,专用设备,芯源微,688037
38,专用设备,法兰泰克,603966
39,专用设备,开立医疗,300633
40,专用设备,达刚控股,300103
41,专用设备,和科达,002816
42,专用设备,爱司凯,300521
43,专用设备,华兴源创,688001
44,专用设备,铂力特,688333
45,专用设备,天奥电子,002935
46,专用设备,大连重工,002204
47,专用设备,北玻股份,002613
48,专用设备,汇金股份,300368
49,专用设备,稳健医疗,300888
50,专用设备,东杰智能,300486
51,专用设备,海默科技,300084
52,专用设备,佰奥智能,300836
53,专用设备,长川科技,300604
54,专用设备,吉鑫科技,601218
55,专用设备,古鳌科技,300551
56,专用设备,*ST海源,002529
57,专用设备,瑞鹄模具,002997
58,专用设备,航天晨光,600501
59,专用设备,兰石重装,603169
60,专用设备,京源环保,688096
61,专用设备,清源股份,603628
62,专用设备,瀚川智能,688022
63,专用设备,赛腾股份,603283
64,专用设备,上海亚虹,603159
65,专用设备,江苏北人,688218
66,专用设备,卓郎智能,600545
67,专用设备,华明装备,002270
68,专用设备,智莱科技,300771
69,专用设备,金辰股份,603396
70,专用设备,宁波精达,603088
71,专用设备,亿嘉和,603666
72,专用设备,乐惠国际,603076
73,专用设备,弘亚数控,002833
74,专用设备,杰普特,688025
75,专用设备,瑞松科技,688090
76,专用设备,克来机电,603960
77,专用设备,中潜股份,300526
78,专用设备,开能健康,300272
79,专用设备,ST天龙,300029
80,专用设备,冀东装备,000856
81,专用设备,沃尔德,688028
82,专用设备,盛弘股份,300693
83,专用设备,南兴股份,002757
84,专用设备,华峰测控,688200
85,专用设备,迪威尔,688377
86,专用设备,道森股份,603800
87,专用设备,美亚光电,002690
88,专用设备,燕麦科技,688312
89,专用设备,凯中精密,002823
90,专用设备,中国电研,688128
91,专用设备,鸿泉物联,688288
92,专用设备,先惠技术,688155
93,专用设备,景津环保,603279
94,专用设备,至纯科技,603690
95,专用设备,科瑞技术,002957
96,专用设备,永创智能,603901
97,专用设备,高测股份,688556
98,专用设备,精测电子,300567
99,专用设备,奕瑞科技,688301
100,专用设备,软控股份,002073
101,专用设备,创力集团,603012
102,专用设备,新光光电,688011
103,专用设备,金银河,300619
104,专用设备,耐普矿机,300818
105,专用设备,苏州科达,603660
106,专用设备,大豪科技,603025
107,专用设备,越剑智能,603095
108,专用设备,罗博特科,300757
109,专用设备,赢合科技,300457
110,专用设备,鞍重股份,002667
111,专用设备,光力科技,300480
112,专用设备,标准股份,600302
113,专用设备,易天股份,300812
114,专用设备,广日股份,600894
115,专用设备,艾迪精密,603638
116,专用设备,ST国重装,601399
117,专用设备,联赢激光,688518
118,专用设备,科威尔,688551
119,专用设备,达 意 隆,002209
120,专用设备,国林科技,300786
121,专用设备,映翰通,688080
122,专用设备,如通股份,603036
123,专用设备,杭氧股份,002430
124,专用设备,快克股份,603203
125,专用设备,菲达环保,600526
126,专用设备,紫晶存储,688086
127,专用设备,金海环境,603311
128,专用设备,中微公司,688012
129,专用设备,电光科技,002730
130,专用设备,海目星,688559
131,专用设备,博实股份,002698
132,专用设备,福能东方,300173
133,专用设备,通达电气,603390
134,专用设备,天迈科技,300807
135,专用设备,钢研纳克,300797
136,专用设备,威派格,603956
137,专用设备,弘宇股份,002890
138,专用设备,创元科技,000551
139,专用设备,海容冷链,603187
140,专用设备,神驰机电,603109
141,专用设备,佳力图,603912
142,专用设备,奥来德,688378
143,专用设备,大丰实业,603081
144,专用设备,睿创微纳,688002
145,专用设备,高澜股份,300499
146,专用设备,华荣股份,603855
147,专用设备,聚龙股份,300202
148,专用设备,慈星股份,300307
149,专用设备,正帆科技,688596
150,专用设备,建科机械,300823
151,专用设备,双良节能,600481
152,专用设备,泰瑞机器,603289
153,专用设备,捷强装备,300875
154,专用设备,天准科技,688003
155,专用设备,天成自控,603085
156,专用设备,矩子科技,300802
157,专用设备,大宏立,300865
158,交运物流,澳洋顺昌,002245
159,交运物流,德新交运,603032
160,交运物流,飞力达,300240
161,交运物流,顺丰控股,002352
162,交运物流,ST长投,600119
163,交运物流,嘉友国际,603871
164,交运物流,保税科技,600794
165,交运物流,ST岩石,600696
166,交运物流,万林物流,603117
167,交运物流,新宁物流,300013
168,交运物流,龙洲股份,002682
169,交运物流,申通地铁,600834
170,交运物流,嘉诚国际,603535
171,交运物流,京沪高铁,601816
172,交运物流,原尚股份,603813
173,交运物流,江西长运,600561
174,交运物流,德邦股份,603056
175,交运物流,宜昌交运,002627
176,交运物流,圆通速递,600233
177,交运物流,锦江投资,600650
178,交运物流,物产中大,600704
179,交运物流,瑞茂通,600180
180,交运物流,*ST安通,600179
181,交运物流,富临运业,002357
182,交运物流,西部创业,000557
183,交运物流,韵达股份,002120
184,交运物流,上海雅仕,603329
185,交运物流,大秦铁路,601006
186,交运物流,铁龙物流,600125
187,交运物流,锦投Ｂ股,900914
188,交运物流,畅联股份,603648
189,交运物流,山  航Ｂ,200152
190,交运物流,中国外运,601598
191,交运物流,瑞晟智能,688215
192,交运物流,宏川智慧,002930
193,交运物流,音飞储存,603066
194,交运物流,天顺股份,002800
195,交运物流,华贸物流,603128
196,交运物流,广深铁路,601333
197,交运物流,普路通,002769
198,交运物流,申通快递,002468
199,交运物流,中创物流,603967
200,交运物流,华鹏飞,300350
201,交运物流,恒基达鑫,002492
202,交运物流,东方嘉盛,002889
203,交运物流,建发股份,600153
204,交运物流,中储股份,600787
205,交运物流,长久物流,603569
206,交运物流,密尔克卫,603713
207,交运物流,海晨股份,300873
208,交运物流,东方时尚,603377
209,交运物流,强生控股,600662
210,交运物流,传化智联,002010
211,交运物流,恒通股份,603223
212,交运物流,海汽集团,603069
213,交运物流,厦门象屿,600057
214,交运物流,福然德,605050
215,交运设备,春风动力,603129
216,交运设备,钱江摩托,000913
217,交运设备,祥和实业,603500
218,交运设备,ST天雁,600698
219,交运设备,新元科技,300472
220,交运设备,美力科技,300611
221,交运设备,朗进科技,300594
222,交运设备,天宜上佳,688033
223,交运设备,威奥股份,605001
224,交运设备,万安科技,002590
225,交运设备,新日股份,603787
226,交运设备,交大思诺,300851
227,交运设备,中国中车,601766
228,交运设备,交控科技,688015
229,交运设备,晋西车轴,600495
230,交运设备,中国通号,688009
231,交运设备,林海股份,600099
232,交运设备,康尼机电,603111
233,交运设备,今创集团,603680
234,交运设备,宗申动力,001696
235,交运设备,永安行,603776
236,交运设备,华铁股份,000976
237,交运设备,神州高铁,000008
238,交运设备,中铁工业,600528
239,交运设备,众合科技,000925
240,交运设备,华铭智能,300462
241,交运设备,鼎汉技术,300011
242,交运设备,永贵电器,300351
243,交运设备,ST天雁B,900946
244,交运设备,中谷物流,603565
245,仪器仪表,福光股份,688010
246,仪器仪表,汇川技术,300124
247,仪器仪表,迦南智能,300880
248,仪器仪表,星云股份,300648
249,仪器仪表,林洋能源,601222
250,仪器仪表,弘讯科技,603015
251,仪器仪表,先锋电子,002767
252,仪器仪表,苏试试验,300416
253,仪器仪表,雷赛智能,002979
254,仪器仪表,*ST东网,002175
255,仪器仪表,远方信息,300306
256,仪器仪表,威 尔 泰,002058
257,仪器仪表,拓邦股份,002139
258,仪器仪表,华盛昌,002980
259,仪器仪表,信捷电气,603416
260,仪器仪表,新天科技,300259
261,仪器仪表,三川智慧,300066
262,仪器仪表,智能自控,002877
263,仪器仪表,三德科技,300515
264,仪器仪表,凤凰光学,600071
265,仪器仪表,皖仪科技,688600
266,仪器仪表,柯力传感,603662
267,仪器仪表,*ST科陆,002121
268,仪器仪表,集智股份,300553
269,仪器仪表,宁水集团,603700
270,仪器仪表,南华仪器,300417
271,仪器仪表,永新光学,603297
272,仪器仪表,川仪股份,603100
273,仪器仪表,莱伯泰科,688056
274,仪器仪表,理工光科,300557
275,仪器仪表,汇中股份,300371
276,仪器仪表,威星智能,002849
277,仪器仪表,聚光科技,300203
278,仪器仪表,东华测试,300354
279,仪器仪表,香山股份,002870
280,仪器仪表,炬华科技,300360
281,仪器仪表,浙江力诺,300838
282,仪器仪表,梅安森,300275
283,仪器仪表,秦川物联,688528
284,仪器仪表,凯发电气,300407
285,仪器仪表,三星医疗,601567
286,仪器仪表,中航电测,300114
287,仪器仪表,三晖电气,002857
288,仪器仪表,金卡智能,300349
289,仪器仪表,安车检测,300572
290,仪器仪表,赛摩智能,300466
291,仪器仪表,康斯特,300445
292,仪器仪表,天瑞仪器,300165
293,仪器仪表,安控科技,300370
294,仪器仪表,万讯自控,300112
295,仪器仪表,万胜智能,300882
296,仪器仪表,必创科技,300667
297,仪器仪表,汉威科技,300007
298,仪器仪表,精准信息,300099
299,仪器仪表,力合科技,300800
300,仪器仪表,奥普光电,002338
301,仪器仪表,C山科,300897
302,仪器仪表,蓝盾光电,300862
303,仪器仪表,谱尼测试,300887
304,仪器仪表,雪迪龙,002658
305,仪器仪表,东方中科,002819
306,保险,天茂集团,000627
307,保险,中国平安,601318
308,保险,中国太保,601601
309,保险,中国人保,601319
310,保险,西水股份,600291
311,保险,中国人寿,601628
312,保险,新华保险,601336
313,公用事业,惠天热电,000692
314,公用事业,华通热力,002893
315,公用事业,*ST金鸿,000669
316,公用事业,ST浩源,002700
317,公用事业,新天绿能,600956
318,公用事业,兴蓉环境,000598
319,公用事业,南京公用,000421
320,公用事业,国新B股,900913
321,公用事业,绿城水务,601368
322,公用事业,江南水务,601199
323,公用事业,国中水务,600187
324,公用事业,铁岭新城,000809
325,公用事业,皖天然气,603689
326,公用事业,钱江水利,600283
327,公用事业,重庆燃气,600917
328,公用事业,洪城水业,600461
329,公用事业,重庆水务,601158
330,公用事业,佛燃能源,002911
331,公用事业,贵州燃气,600903
332,公用事业,长春燃气,600333
333,公用事业,中原环保,000544
334,公用事业,渤海股份,000605
335,公用事业,大众公用,600635
336,公用事业,东方环宇,603706
337,公用事业,侨银环保,002973
338,公用事业,*ST升达,002259
339,公用事业,创业环保,600874
340,公用事业,武汉控股,600168
341,公用事业,陕天然气,002267
342,公用事业,中山公用,000685
343,公用事业,百川能源,600681
344,公用事业,首创股份,600008
345,公用事业,玉禾田,300815
346,公用事业,新天然气,603393
347,公用事业,成都燃气,603053
348,公用事业,大通燃气,000593
349,公用事业,深圳燃气,601139
350,公用事业,瀚蓝环境,600323
351,公用事业,新疆火炬,603080
352,公用事业,国新能源,600617
353,农牧饲渔,中原环保,000544
354,农牧饲渔,渤海股份,000605
355,农牧饲渔,大众公用,600635
356,农牧饲渔,东方环宇,603706
357,农牧饲渔,侨银环保,002973
358,农牧饲渔,*ST升达,002259
359,农牧饲渔,创业环保,600874
360,农牧饲渔,武汉控股,600168
361,农牧饲渔,陕天然气,002267
362,农牧饲渔,中山公用,000685
363,农牧饲渔,百川能源,600681
364,农牧饲渔,首创股份,600008
365,农牧饲渔,玉禾田,300815
366,农牧饲渔,新天然气,603393
367,农牧饲渔,成都燃气,603053
368,农牧饲渔,大通燃气,000593
369,农牧饲渔,深圳燃气,601139
370,农牧饲渔,瀚蓝环境,600323
371,农牧饲渔,新疆火炬,603080
372,农牧饲渔,国新能源,600617
373,农药兽药,海利生物,603718
374,农药兽药,普莱柯,603566
375,农药兽药,钱江生化,600796
376,农药兽药,中农立华,603970
377,农药兽药,湖南海利,600731
378,农药兽药,中旗股份,300575
379,农药兽药,申联生物,688098
380,农药兽药,贝斯美,300796
381,农药兽药,*ST蓝丰,002513
382,农药兽药,生物股份,600201
383,农药兽药,*ST辉丰,002496
384,农药兽药,新农股份,002942
385,农药兽药,新安股份,600596
386,农药兽药,长青股份,002391
387,农药兽药,红 太 阳,000525
388,农药兽药,安道麦B,200553
389,农药兽药,国发股份,600538
390,农药兽药,苏利股份,603585
391,农药兽药,诺 普 信,002215
392,农药兽药,安道麦A,000553
393,农药兽药,龙大肉食,002726
394,农药兽药,海大集团,002311
395,农药兽药,*ST敦种,600354
396,农药兽药,天马科技,603668
397,农药兽药,ST昌鱼,600275
398,农药兽药,百洋股份,002696
399,农药兽药,佳沃股份,300268
400,农药兽药,罗 牛 山,000735
401,农药兽药,中粮科技,000930
402,农药兽药,傲农生物,603363
403,农药兽药,湘佳股份,002982
404,农药兽药,中  鲁Ｂ,200992
405,农药兽药,晨光生物,300138
406,农药兽药,万向德农,600371
407,农药兽药,好当家,600467
408,农药兽药,京粮B,200505
409,农药兽药,牧原股份,002714
410,农药兽药,*ST东洋,002086
411,农药兽药,宏辉果蔬,603336
412,农药兽药,亚盛集团,600108
413,农药兽药,联化科技,002250
414,农药兽药,扬农化工,600486
415,农药兽药,华邦健康,002004
416,农药兽药,先达股份,603086
417,农药兽药,中牧股份,600195
418,农药兽药,绿康生化,002868
419,农药兽药,广信股份,603599
420,农药兽药,利尔化学,002258
421,农药兽药,利民股份,002734
422,农药兽药,雅本化学,300261
423,农药兽药,丰山集团,603810
424,农药兽药,国光股份,002749
425,农药兽药,*ST瀚叶,600226
426,农药兽药,江山股份,600389
427,券商信托,国投资本,600061
428,券商信托,*ST安信,600816
429,券商信托,浙商证券,601878
430,券商信托,第一创业,002797
431,券商信托,南京证券,601990
432,券商信托,国联证券,601456
433,券商信托,国金证券,600109
434,券商信托,国元证券,000728
435,券商信托,中信建投,601066
436,券商信托,方正证券,601901
437,券商信托,中信证券,600030
438,券商信托,华泰证券,601688
439,券商信托,国泰君安,601211
440,券商信托,东吴证券,601555
441,券商信托,广发证券,000776
442,券商信托,招商证券,600999
443,券商信托,西部证券,002673
444,券商信托,红塔证券,601236
445,券商信托,华鑫股份,600621
446,券商信托,长江证券,000783
447,券商信托,山西证券,002500
448,券商信托,国信证券,002736
449,券商信托,长城证券,002939
450,券商信托,中泰证券,600918
451,券商信托,华安证券,600909
452,券商信托,中银证券,601696
453,券商信托,光大证券,601788
454,券商信托,中国银河,601881
455,券商信托,华西证券,002926
456,券商信托,兴业证券,601377
457,券商信托,海通证券,600837
458,券商信托,东兴证券,601198
459,券商信托,华林证券,002945
460,券商信托,财通证券,601108
461,券商信托,天风证券,601162
462,券商信托,华创阳安,600155
463,券商信托,申万宏源,000166
464,券商信托,西南证券,600369
465,券商信托,东北证券,000686
466,券商信托,中原证券,601375
467,券商信托,国海证券,000750
468,券商信托,国盛金控,002670
469,券商信托,太平洋,601099
470,券商信托,哈投股份,600864
471,券商信托,东方证券,600958
472,券商信托,湘财股份,600095
473,包装材料,宝钢包装,601968
474,包装材料,浙江众成,002522
475,包装材料,合兴包装,002228
476,包装材料,嘉美包装,002969
477,包装材料,永新股份,002014
478,包装材料,珠海中富,000659
479,包装材料,万顺新材,300057
480,包装材料,华源控股,002787
481,包装材料,恩捷股份,002812
482,包装材料,美盈森,002303
483,包装材料,英联股份,002846
484,包装材料,通产丽星,002243
485,包装材料,王子新材,002735
486,包装材料,东风股份,601515
487,包装材料,盛通股份,002599
488,包装材料,永冠新材,603681
489,包装材料,普丽盛,300442
490,包装材料,锦盛新材,300849
491,包装材料,大胜达,603687
492,包装材料,大东南,002263
493,包装材料,双星新材,002585
494,包装材料,顺灏股份,002565
495,包装材料,陕西金叶,000812
496,包装材料,劲嘉股份,002191
497,包装材料,金时科技,002951
498,包装材料,紫江企业,600210
499,包装材料,海顺新材,300501
500,包装材料,*ST界龙,600836
501,包装材料,新通联,603022
502,化工行业,惠云钛业,300891
503,化工行业,江南化工,002226
504,化工行业,广信材料,300537
505,化工行业,德方纳米,300769
506,化工行业,洪汇新材,002802
507,化工行业,ST南风,000737
508,化工行业,嘉化能源,600273
509,化工行业,中核钛白,002145
510,化工行业,珀莱雅,603605
511,化工行业,世名科技,300522
512,化工行业,正丹股份,300641
513,化工行业,皇马科技,603181
514,化工行业,倍加洁,603059
515,化工行业,长鸿高科,605008
516,化工行业,德美化工,002054
517,化工行业,高争民爆,002827
518,化工行业,安 纳 达,002136
519,化工行业,龙蟠科技,603906
520,化工行业,美瑞新材,300848
521,化工行业,瑞丰高材,300243
522,化工行业,华业香料,300886
523,化工行业,东方材料,603110
524,化工行业,金奥博,002917
525,化工行业,宝莫股份,002476
526,化工行业,百傲化学,603360
527,化工行业,丸美股份,603983
528,化工行业,天赐材料,002709
529,化工行业,久日新材,688199
530,化工行业,ST亚星,600319
531,化工行业,安诺其,300067
532,化工行业,美思德,603041
533,化工行业,金浦钛业,000545
534,化工行业,回天新材,300041
535,化工行业,ST云维,600725
536,化工行业,氯碱Ｂ股,900908
537,化工行业,建新股份,300107
538,化工行业,诚志股份,000990
539,化工行业,飞鹿股份,300665
540,化工行业,宇新股份,002986
541,化工行业,ST双环,000707
542,化工行业,吉华集团,603980
543,化工行业,新金路,000510
544,化工行业,利安隆,300596
545,化工行业,中盐化工,600328
546,化工行业,云南能投,002053
547,化工行业,兴化股份,002109
548,化工行业,三友化工,600409
549,化工行业,两面针,600249
550,化工行业,嘉澳环保,603822
551,化工行业,拉芳家化,603630
552,化工行业,达志科技,300530
553,化工行业,合盛硅业,603260
554,化工行业,宝利国际,300135
555,化工行业,蓝晓科技,300487
556,化工行业,国瓷材料,300285
557,化工行业,山东赫达,002810
558,化工行业,华谊B股,900909
559,化工行业,天原集团,002386
560,化工行业,海利尔,603639
561,化工行业,扬帆新材,300637
562,化工行业,雅运股份,603790
563,化工行业,浙江龙盛,600352
564,化工行业,永悦科技,603879
565,化工行业,光威复材,300699
566,化工行业,名臣健康,002919
567,化工行业,上海家化,600315
568,化工行业,三棵树,603737
569,化工行业,七彩化学,300758
570,化工行业,硅宝科技,300019
571,化工行业,宏昌电子,603002
572,化工行业,巨化股份,600160
573,化工行业,奥克股份,300082
574,化工行业,凯美特气,002549
575,化工行业,*ST乐通,002319
576,化工行业,北化股份,002246
577,化工行业,湘潭电化,002125
578,化工行业,安利股份,300218
579,化工行业,元力股份,300174
580,化工行业,彤程新材,603650
581,化工行业,航天工程,603698
582,化工行业,醋化股份,603968
583,化工行业,渝三峡Ａ,000565
584,化工行业,赞宇科技,002637
585,化工行业,锦鸡股份,300798
586,化工行业,三美股份,603379
587,化工行业,西陇科学,002584
588,化工行业,润禾材料,300727
589,化工行业,昊华科技,600378
590,化工行业,三泰控股,002312
591,化工行业,兴业股份,603928
592,化工行业,宏大爆破,002683
593,化工行业,汇得科技,603192
594,化工行业,新奥股份,600803
595,化工行业,ST南化,600301
596,化工行业,青岛金王,002094
597,化工行业,新亚强,603155
598,化工行业,苏盐井神,603299
599,化工行业,三孚股份,603938
600,化工行业,闰土股份,002440
601,化工行业,氯碱化工,600618
602,化工行业,君正集团,601216
603,化工行业,晨光新材,605399
604,化工行业,红星发展,600367
605,化工行业,元利科技,603217
606,化工行业,中欣氟材,002915
607,化工行业,ST亚邦,603188
608,化工行业,新疆天业,600075
609,化工行业,晶华新材,603683
610,化工行业,泰和科技,300801
611,化工行业,百合花,603823
612,化工行业,江苏索普,600746
613,化工行业,卫星石化,002648
614,化工行业,亿利洁能,600277
615,化工行业,达威股份,300535
616,化工行业,聚合顺,605166
617,化工行业,石大胜华,603026
618,化工行业,中化国际,600500
619,化工行业,龙星化工,002442
620,化工行业,沧州大化,600230
621,化工行业,保利联合,002037
622,化工行业,川恒股份,002895
623,化工行业,红墙股份,002809
624,化工行业,广东榕泰,600589
625,化工行业,恒逸石化,000703
626,化工行业,雅克科技,002409
627,化工行业,鼎龙股份,300054
628,化工行业,黑猫股份,002068
629,化工行业,南岭民爆,002096
630,化工行业,百川股份,002455
631,化工行业,丹科B股,900921
632,化工行业,宏柏新材,605366
633,化工行业,金牛化工,600722
634,化工行业,英 力 特,000635
635,化工行业,多氟多,002407
636,化工行业,阿科力,603722
637,化工行业,齐翔腾达,002408
638,化工行业,国新文化,600636
639,化工行业,航锦科技,000818
640,化工行业,万华化学,600309
641,化工行业,太化股份,600281
642,化工行业,同德化工,002360
643,化工行业,江化微,603078
644,化工行业,兴发集团,600141
645,化工行业,美联新材,300586
646,化工行业,万盛股份,603010
647,化工行业,新开源,300109
648,化工行业,ST昌九,600228
649,化工行业,中泰化学,002092
650,化工行业,雪峰科技,603227
651,化工行业,康普顿,603798
652,化工行业,集泰股份,002909
653,化工行业,丰元股份,002805
654,化工行业,永太科技,002326
655,化工行业,世龙实业,002748
656,化工行业,新化股份,603867
657,化工行业,华谊集团,600623
658,化工行业,科思股份,300856
659,化工行业,金禾实业,002597
660,化工行业,怡达股份,300721
661,化工行业,三聚环保,300072
662,化工行业,鸿达兴业,002002
663,化工行业,富邦股份,300387
664,化工行业,阳谷华泰,300121
665,化工行业,和邦生物,603077
666,化工行业,丹化科技,600844
667,化工行业,键凯科技,688356
668,化工行业,和远气体,002971
669,化工行业,飞凯材料,300398
670,化工行业,濮阳惠成,300481
671,化工行业,天齐锂业,002466
672,化工行业,光华科技,002741
673,化工行业,万润股份,002643
674,化工行业,永东股份,002753
675,化工行业,亚士创能,603378
676,化工行业,远兴能源,000683
677,化工行业,山东海化,000822
678,化工行业,川金诺,300505
679,化工行业,金力泰,300225
680,化工行业,青松股份,300132
681,化工行业,容大感光,300576
682,化工行业,长海股份,300196
683,化工行业,御家汇,300740
684,化工行业,苏博特,603916
685,化工行业,科隆股份,300405
686,化工行业,晨化股份,300610
687,化工行业,建业股份,603948
688,化工行业,松井股份,688157
689,化工行业,建龙微纳,688357
690,化工行业,清水源,300437
691,化工行业,振华股份,603067
692,化工行业,雅化集团,002497
693,化工行业,龙蟒佰利,002601
694,化工行业,金宏气体,688106
695,化工行业,华特气体,688268
696,化工行业,强力新材,300429
697,化工行业,壶化股份,003002
698,化工行业,格林达,603931
699,化工行业,国泰集团,603977
700,化工行业,宝丰能源,600989
701,化工行业,红 宝 丽,002165
702,化工行业,凯龙股份,002783
703,化工行业,滨化股份,601678
704,化工行业,ST明科,600091
705,化工行业,晶瑞股份,300655
706,化工行业,广州浪奇,000523
707,化纤行业,欣龙控股,000955
708,化纤行业,ST华鼎,601113
709,化纤行业,泰和新材,002254
710,化纤行业,南京化纤,600889
711,化纤行业,新凤鸣,603225
712,化纤行业,海 利 得,002206
713,化纤行业,苏州龙杰,603332
714,化纤行业,江南高纤,600527
715,化纤行业,新乡化纤,000949
716,化纤行业,恒天海龙,000677
717,化纤行业,皖维高新,600063
718,化纤行业,华西股份,000936
719,化纤行业,吉林化纤,000420
720,化纤行业,华峰氨纶,002064
721,化纤行业,三联虹普,300384
722,化纤行业,澳洋健康,002172
723,化纤行业,东方盛虹,000301
724,化纤行业,美达股份,000782
725,化纤行业,神马股份,600810
726,化纤行业,桐昆股份,601233
727,化纤行业,华孚时尚,002042
728,化纤行业,ST尤夫,002427
729,化纤行业,荣盛石化,002493
730,化纤行业,恒力石化,600346
731,化纤行业,浔兴股份,002098
732,化纤行业,优彩资源,002998
733,化纤行业,蒙泰高新,300876
734,化肥行业,*ST金正,002470
735,化肥行业,云图控股,002539
736,化肥行业,*ST藏格,000408
737,化肥行业,阳煤化工,600691
738,化肥行业,鲁北化工,600727
739,化肥行业,云天化,600096
740,化肥行业,新洋丰,000902
741,化肥行业,东方铁塔,002545
742,化肥行业,泸天化,000912
743,化肥行业,芭田股份,002170
744,化肥行业,ST宜化,000422
745,化肥行业,*ST六化,600470
746,化肥行业,鲁西化工,000830
747,化肥行业,亚钾国际,000893
748,化肥行业,澄星股份,600078
749,化肥行业,四川美丰,000731
750,化肥行业,司尔特,002538
751,化肥行业,圣济堂,600227
752,化肥行业,ST柳化,600423
753,化肥行业,*ST河化,000953
754,化肥行业,天禾股份,002999
755,化肥行业,华昌化工,002274
756,化肥行业,史丹利,002588
757,化肥行业,华鲁恒升,600426
758,医疗行业,三诺生物,300298
759,医疗行业,博晖创新,300318
760,医疗行业,东方生物,688298
761,医疗行业,硕世生物,688399
762,医疗行业,通策医疗,600763
763,医疗行业,振德医疗,603301
764,医疗行业,南微医学,688029
765,医疗行业,理邦仪器,300206
766,医疗行业,英科医疗,300677
767,医疗行业,健帆生物,300529
768,医疗行业,心脉医疗,688016
769,医疗行业,迈克生物,300463
770,医疗行业,光正集团,002524
771,医疗行业,药石科技,300725
772,医疗行业,康德莱,603987
773,医疗行业,海尔生物,688139
774,医疗行业,迈瑞医疗,300760
775,医疗行业,睿智医药,300149
776,医疗行业,正海生物,300653
777,医疗行业,大参林,603233
778,医疗行业,圣湘生物,688289
779,医疗行业,康泰医学,300869
780,医疗行业,凯莱英,002821
781,医疗行业,迪瑞医疗,300396
782,医疗行业,赛诺医疗,688108
783,医疗行业,热景生物,688068
784,医疗行业,美年健康,002044
785,医疗行业,冠昊生物,300238
786,医疗行业,普门科技,688389
787,医疗行业,昭衍新药,603127
788,医疗行业,新产业,300832
789,医疗行业,鱼跃医疗,002223
790,医疗行业,戴维医疗,300314
791,医疗行业,大博医疗,002901
792,医疗行业,阳普医疗,300030
793,医疗行业,金域医学,603882
794,医疗行业,蓝帆医疗,002382
795,医疗行业,乐心医疗,300562
796,医疗行业,药明康德,603259
797,医疗行业,贝瑞基因,000710
798,医疗行业,佰仁医疗,688198
799,医疗行业,塞力斯,603716
800,医疗行业,盈康生命,300143
801,医疗行业,新华医疗,600587
802,医疗行业,ST百花,600721
803,医疗行业,奥美医疗,002950
804,医疗行业,乐普医疗,300003
805,医疗行业,*ST华塑,000509
806,医疗行业,览海医疗,600896
807,医疗行业,千红制药,002550
808,医疗行业,爱博医疗,688050
809,医疗行业,维力医疗,603309
810,医疗行业,东富龙,300171
811,医疗行业,明德生物,002932
812,医疗行业,万东医疗,600055
813,医疗行业,迈得医疗,688310
814,医疗行业,*ST济堂,600090
815,医疗行业,三鑫医疗,300453
816,医疗行业,楚天科技,300358
817,医疗行业,鹭燕医药,002788
818,医疗行业,宝莱特,300246
819,医疗行业,祥生医疗,688358
820,医疗行业,美康生物,300439
821,医疗行业,爱朋医疗,300753
822,医疗行业,成都先导,688222
823,医疗行业,基蛋生物,603387
824,医疗行业,人民同泰,600829
825,医疗行业,凯利泰,300326
826,医疗行业,九安医疗,002432
827,医疗行业,安必平,688393
828,医疗行业,宜华健康,000150
829,医疗行业,伟思医疗,688580
830,医疗行业,创新医疗,002173
831,医疗行业,天智航-U,688277
832,医疗行业,尚荣医疗,002551
833,医疗行业,赛科希德,688338
834,医疗行业,重药控股,000950
835,医疗行业,三友医疗,688085
836,医疗行业,国际医学,000516
837,医疗行业,和佳医疗,300273
838,医疗行业,仙琚制药,002332
839,医疗行业,拱东医疗,605369
840,医疗行业,迦南科技,300412
841,医疗行业,C爱美客,300896
842,医疗行业,天臣医疗,688013
843,医疗行业,正川股份,603976
844,医药制造,紫鑫药业,002118
845,医药制造,尔康制药,300267
846,医药制造,泽璟制药-U,688266
847,医药制造,*ST目药,600671
848,医药制造,康希诺-U,688185
849,医药制造,华熙生物,688363
850,医药制造,爱尔眼科,300015
851,医药制造,司太立,603520
852,医药制造,艾德生物,300685
853,医药制造,片仔癀,600436
854,医药制造,智飞生物,300122
855,医药制造,人福医药,600079
856,医药制造,神州细胞-U,688520
857,医药制造,九强生物,300406
858,医药制造,天坛生物,600161
859,医药制造,华兰生物,002007
860,医药制造,我武生物,300357
861,医药制造,康龙化成,300759
862,医药制造,ST生物,000504
863,医药制造,亚太药业,002370
864,医药制造,博瑞医药,688166
865,医药制造,健友股份,603707
866,医药制造,特宝生物,688278
867,医药制造,东阳光,600673
868,医药制造,老百姓,603883
869,医药制造,ST天圣,002872
870,医药制造,博腾股份,300363
871,医药制造,沃华医药,002107
872,医药制造,ST康美,600518
873,医药制造,陇神戎发,300534
874,医药制造,济民制药,603222
875,医药制造,健民集团,600976
876,医药制造,葫芦娃,605199
877,医药制造,北大医药,000788
878,医药制造,九洲药业,603456
879,医药制造,联环药业,600513
880,医药制造,丽珠集团,000513
881,医药制造,百奥泰-U,688177
882,医药制造,透景生命,300642
883,医药制造,美迪西,688202
884,医药制造,科华生物,002022
885,医药制造,东北制药,000597
886,医药制造,康泰生物,300601
887,医药制造,济川药业,600566
888,医药制造,康辰药业,603590
889,医药制造,海翔药业,002099
890,医药制造,海欣Ｂ股,900917
891,医药制造,太安堂,002433
892,医药制造,贵州三力,603439
893,医药制造,亿帆医药,002019
894,医药制造,赛升药业,300485
895,医药制造,通化东宝,600867
896,医药制造,凯普生物,300639
897,医药制造,华大基因,300676
898,医药制造,金城医药,300233
899,医药制造,益丰药房,603939
900,医药制造,康弘药业,002773
901,医药制造,东诚药业,002675
902,医药制造,灵康药业,603669
903,医药制造,威尔药业,603351
904,医药制造,南京医药,600713
905,医药制造,南卫股份,603880
906,医药制造,新 和 成,002001
907,医药制造,达安基因,002030
908,医药制造,香雪制药,300147
909,医药制造,鲁抗医药,600789
910,医药制造,亚宝药业,600351
911,医药制造,瑞康医药,002589
912,医药制造,天士力,600535
913,医药制造,太龙药业,600222
914,医药制造,长江健康,002435
915,医药制造,甘李药业,603087
916,医药制造,向日葵,300111
917,医药制造,兄弟科技,002562
918,医药制造,羚锐制药,600285
919,医药制造,莱茵生物,002166
920,医药制造,舒泰神,300204
921,医药制造,华海药业,600521
922,医药制造,兴齐眼药,300573
923,医药制造,昊海生科,688366
924,医药制造,康华生物,300841
925,医药制造,富祥药业,300497
926,医药制造,华仁药业,300110
927,医药制造,奥翔药业,603229
928,医药制造,*ST交昂,600530
929,医药制造,东宝生物,300239
930,医药制造,博济医药,300404
931,医药制造,海特生物,300683
932,医药制造,山大华特,000915
933,医药制造,哈药股份,600664
934,医药制造,昂利康,002940
935,医药制造,奇正藏药,002287
936,医药制造,三生国健,688336
937,医药制造,天药股份,600488
938,医药制造,健康元,600380
939,医药制造,新天药业,002873
940,医药制造,北陆药业,300016
941,医药制造,华北制药,600812
942,医药制造,康缘药业,600557
943,医药制造,神奇制药,600613
944,医药制造,瑞普生物,300119
945,医药制造,康芝药业,300086
946,医药制造,白云山,600332
947,医药制造,海普瑞,002399
948,医药制造,贵州百灵,002424
949,医药制造,九典制药,300705
950,医药制造,普洛药业,000739
951,医药制造,中国医药,600056
952,医药制造,泰格医药,300347
953,医药制造,沃森生物,300142
954,医药制造,辰欣药业,603367
955,医药制造,*ST辅仁,600781
956,医药制造,溢多利,300381
957,医药制造,博雅生物,300294
958,医药制造,精华制药,002349
959,医药制造,德展健康,000813
960,医药制造,云南白药,000538
961,医药制造,苑东生物,688513
962,医药制造,微芯生物,688321
963,医药制造,安图生物,603658
964,医药制造,恒瑞医药,600276
965,医药制造,华润三九,000999
966,医药制造,万泽股份,000534
967,医药制造,新华制药,000756
968,医药制造,佛慈制药,002644
969,医药制造,君实生物-U,688180
970,医药制造,益佰制药,600594
971,医药制造,安科生物,300009
972,医药制造,哈三联,002900
973,医药制造,昆药集团,600422
974,医药制造,未名医药,002581
975,医药制造,迪安诊断,300244
976,医药制造,众生药业,002317
977,医药制造,万泰生物,603392
978,医药制造,海正药业,600267
979,医药制造,华森制药,002907
980,医药制造,诚意药业,603811
981,医药制造,广济药业,000952
982,医药制造,双林生物,000403
983,医药制造,振东制药,300158
984,医药制造,国药一致,000028
985,医药制造,奥赛康,002755
986,医药制造,吉贝尔,688566
987,医药制造,罗欣药业,002793
988,医药制造,贝达药业,300558
989,医药制造,华神科技,000790
990,医药制造,珍宝岛,603567
991,医药制造,双成药业,002693
992,医药制造,启迪古汉,000590
993,医药制造,长春高新,000661
994,医药制造,东阿阿胶,000423
995,医药制造,柳药股份,603368
996,医药制造,盘龙药业,002864
997,医药制造,通化金马,000766
998,医药制造,复旦张江,688505
999,医药制造,步长制药,603858
1000,医药制造,金石亚药,300434
1001,医药制造,以岭药业,002603
1002,医药制造,特一药业,002728
1003,医药制造,海王生物,000078
1004,医药制造,泰林生物,300813
1005,医药制造,同仁堂,600085
1006,医药制造,ST冠福,002102
1007,医药制造,第一医药,600833
1008,医药制造,同和药业,300636
1009,医药制造,一致Ｂ,200028
1010,医药制造,*ST恒康,002219
1011,医药制造,海思科,002653
1012,医药制造,上海莱士,002252
1013,医药制造,ST金泰,600385
1014,医药制造,神奇B股,900904
1015,医药制造,润都股份,002923
1016,医药制造,海南海药,000566
1017,医药制造,誉衡药业,002437
1018,医药制造,九 芝 堂,000989
1019,医药制造,马应龙,600993
1020,医药制造,信立泰,002294
1021,医药制造,国药股份,600511
1022,医药制造,康恩贝,600572
1023,医药制造,赛托生物,300583
1024,医药制造,中源协和,600645
1025,医药制造,方盛制药,603998
1026,医药制造,力生制药,002393
1027,医药制造,仁和药业,000650
1028,医药制造,四环生物,000518
1029,医药制造,山河药辅,300452
1030,医药制造,常山药业,300255
1031,医药制造,嘉应制药,002198
1032,医药制造,福瑞股份,300049
1033,医药制造,卫光生物,002880
1034,医药制造,一品红,300723
1035,医药制造,上海医药,601607
1036,医药制造,现代制药,600420
1037,医药制造,华润双鹤,600062
1038,医药制造,天宇股份,300702
1039,医药制造,恩华药业,002262
1040,医药制造,艾迪药业,688488
1041,医药制造,华通医药,002758
1042,医药制造,双鹭药业,002038
1043,医药制造,江中药业,600750
1044,医药制造,科伦药业,002422
1045,医药制造,ST金花,600080
1046,医药制造,维康药业,300878
1047,医药制造,嘉事堂,002462
1048,医药制造,润达医疗,603108
1049,医药制造,圣达生物,603079
1050,医药制造,桂林三金,002275
1051,医药制造,赛隆药业,002898
1052,医药制造,浙江震元,000705
1053,医药制造,卫信康,603676
1054,医药制造,寿仙谷,603896
1055,医药制造,汉森制药,002412
1056,医药制造,华东医药,000963
1057,医药制造,大理药业,603963
1058,医药制造,金陵药业,000919
1059,医药制造,佐力药业,300181
1060,医药制造,浙江医药,600216
1061,医药制造,永安药业,002365
1062,医药制造,黄山胶囊,002817
1063,医药制造,信邦制药,002390
1064,医药制造,千金药业,600479
1065,医药制造,美诺华,603538
1066,医药制造,一心堂,002727
1067,医药制造,新光药业,300519
1068,医药制造,万孚生物,300482
1069,医药制造,康惠制药,603139
1070,医药制造,海辰药业,300584
1071,医药制造,中恒集团,600252
1072,医药制造,吉林敖东,000623
1073,医药制造,葵花药业,002737
1074,医药制造,中 关 村,000931
1075,医药制造,上海凯宝,300039
1076,医药制造,海欣股份,600851
1077,医药制造,红日药业,300026
1078,医药制造,南新制药,688189
1079,医药制造,江苏吴中,600200
1080,医药制造,莱美药业,300006
1081,医药制造,回盛生物,300871
1082,医药制造,延安必康,002411
1083,医药制造,京新药业,002020
1084,医药制造,利德曼,300289
1085,医药制造,广生堂,300436
1086,医药制造,复星医药,600196
1087,医药制造,龙津药业,002750
1088,医药制造,仟源医药,300254
1089,医药制造,科前生物,688526
1090,医药制造,九州通,600998
1091,医药制造,太极集团,600129
1092,医药制造,中新药业,600329
1093,医药制造,福安药业,300194
1094,医药制造,西藏药业,600211
1095,医药制造,丰原药业,000153
1096,医药制造,翰宇药业,300199
1097,医药制造,普利制药,300630
1098,医药制造,易明医药,002826
1099,医药制造,益盛药业,002566
1100,医药制造,吉药控股,300108
1101,医药制造,莎普爱思,603168
1102,医药制造,景峰医药,000908
1103,医药制造,奥锐特,605116
1104,医药制造,英特集团,000411
1105,医药制造,广誉远,600771
1106,商业百货,丽人丽妆,605136
1107,商业百货,*ST商城,600306
1108,商业百货,爱婴室,603214
1109,商业百货,浙商中拓,000906
1110,商业百货,安德利,603031
1111,商业百货,北京城乡,600861
1112,商业百货,友阿股份,002277
1113,商业百货,博士眼镜,300622
1114,商业百货,汇嘉时代,603101
1115,商业百货,*ST友谊,000679
1116,商业百货,江苏舜天,600287
1117,商业百货,ST人乐,002336
1118,商业百货,*ST中商,600280
1119,商业百货,*ST成城,600247
1120,商业百货,苏宁易购,002024
1121,商业百货,翠微股份,603123
1122,商业百货,重庆百货,600729
1123,商业百货,华联股份,000882
1124,商业百货,茂业商业,600828
1125,商业百货,爱施德,002416
1126,商业百货,富森美,002818
1127,商业百货,豫园股份,600655
1128,商业百货,中百集团,000759
1129,商业百货,轻纺城,600790
1130,商业百货,益民集团,600824
1131,商业百货,*ST劝业,600821
1132,商业百货,新华百货,600785
1133,商业百货,利群股份,601366
1134,商业百货,红旗连锁,002697
1135,商业百货,国芳集团,601086
1136,商业百货,*ST秋林,600891
1137,商业百货,徐家汇,002561
1138,商业百货,三江购物,601116
1139,商业百货,兰州民百,600738
1140,商业百货,步 步 高,002251
1141,商业百货,东百集团,600693
1142,商业百货,新 华 都,002264
1143,商业百货,来伊份,603777
1144,商业百货,开开实业,600272
1145,商业百货,大东方,600327
1146,商业百货,银座股份,600858
1147,商业百货,中兴商业,000715
1148,商业百货,国光连锁,605188
1149,商业百货,通程控股,000419
1150,商业百货,华联综超,600361
1151,商业百货,大商股份,600694
1152,商业百货,汉商集团,600774
1153,商业百货,百联Ｂ股,900923
1154,商业百货,美凯龙,601828
1155,商业百货,百联股份,600827
1156,商业百货,南京新百,600682
1157,商业百货,永辉超市,601933
1158,商业百货,深赛格B,200058
1159,商业百货,居然之家,000785
1160,商业百货,*ST宏图,600122
1161,商业百货,ST庞大,601258
1162,商业百货,合肥百货,000417
1163,商业百货,小商品城,600415
1164,商业百货,家家悦,603708
1165,商业百货,欧亚集团,600697
1166,商业百货,杭州解百,600814
1167,商业百货,海宁皮城,002344
1168,商业百货,宁波中百,600857
1169,商业百货,文峰股份,601010
1170,商业百货,友好集团,600778
1171,商业百货,新世界,600628
1172,商业百货,南宁百货,600712
1173,商业百货,供销大集,000564
1174,商业百货,汇通能源,600605
1175,商业百货,首商股份,600723
1176,商业百货,上海九百,600838
1177,商业百货,天虹股份,002419
1178,商业百货,漳州发展,000753
1179,商业百货,深 赛 格,000058
1180,商业百货,*ST赫美,002356
1181,商业百货,厦门信达,000701
1182,商业百货,鄂武商Ａ,000501
1183,商业百货,开开Ｂ股,900943
1184,商业百货,三夫户外,002780
1185,商业百货,王府井,600859
1186,商业百货,百大集团,600865
1187,商业百货,广百股份,002187
1188,园林工程,美丽生态,000010
1189,园林工程,乾景园林,603778
1190,园林工程,京蓝科技,000711
1191,园林工程,文科园林,002775
1192,园林工程,花王股份,603007
1193,园林工程,元成股份,603388
1194,园林工程,ST毅达,600610
1195,园林工程,诚邦股份,603316
1196,园林工程,棕榈股份,002431
1197,园林工程,东方园林,002310
1198,园林工程,美晨生态,300237
1199,园林工程,杭州园林,300649
1200,园林工程,东珠生态,603359
1201,园林工程,ST云投,002200
1202,园林工程,大千生态,603955
1203,园林工程,天域生态,603717
1204,园林工程,普邦股份,002663
1205,园林工程,ST毅达B,900906
1206,园林工程,美尚生态,300495
1207,园林工程,铁汉生态,300197
1208,园林工程,农尚环境,300536
1209,国际贸易,*ST时万,600241
1210,国际贸易,ST坊展,600149
1211,国际贸易,弘业股份,600128
1212,国际贸易,深大通,000038
1213,国际贸易,东方银星,600753
1214,国际贸易,跨境通,002640
1215,国际贸易,兰生股份,600826
1216,国际贸易,申达股份,600626
1217,国际贸易,江苏国泰,002091
1218,国际贸易,上海物贸,600822
1219,国际贸易,中成股份,000151
1220,国际贸易,厦门国贸,600755
1221,国际贸易,怡 亚 通,002183
1222,国际贸易,广东明珠,600382
1223,国际贸易,汇鸿集团,600981
1224,国际贸易,苏美达,600710
1225,国际贸易,国机汽车,600335
1226,国际贸易,五矿发展,600058
1227,国际贸易,物贸Ｂ股,900927
1228,国际贸易,辽宁成大,600739
1229,国际贸易,新华锦,600735
1230,国际贸易,东方创业,600278
1231,国际贸易,远大控股,000626
1232,塑胶制品,N海象,003011
1233,塑胶制品,川环科技,300547
1234,塑胶制品,海达股份,300320
1235,塑胶制品,宏达新材,002211
1236,塑胶制品,双象股份,002395
1237,塑胶制品,凌云股份,600480
1238,塑胶制品,震安科技,300767
1239,塑胶制品,顺威股份,002676
1240,塑胶制品,福斯特,603806
1241,塑胶制品,横河模具,300539
1242,塑胶制品,森麒麟,002984
1243,塑胶制品,金发科技,600143
1244,塑胶制品,永利股份,300230
1245,塑胶制品,茶花股份,603615
1246,塑胶制品,南京聚隆,300644
1247,塑胶制品,玲珑轮胎,601966
1248,塑胶制品,赛轮轮胎,601058
1249,塑胶制品,国立科技,300716
1250,塑胶制品,赛伍技术,603212
1251,塑胶制品,通用股份,601500
1252,塑胶制品,道恩股份,002838
1253,塑胶制品,至正股份,603991
1254,塑胶制品,普利特,002324
1255,塑胶制品,佛塑科技,000973
1256,塑胶制品,国恩股份,002768
1257,塑胶制品,三 力 士,002224
1258,塑胶制品,天普股份,605255
1259,塑胶制品,双箭股份,002381
1260,塑胶制品,杭州高新,300478
1261,塑胶制品,瑞尔特,002790
1262,塑胶制品,上海天洋,603330
1263,塑胶制品,三维股份,603033
1264,塑胶制品,银禧科技,300221
1265,塑胶制品,同大股份,300321
1266,塑胶制品,天铁股份,300587
1267,塑胶制品,洁特生物,688026
1268,塑胶制品,天龙股份,603266
1269,塑胶制品,国风塑业,000859
1270,塑胶制品,沧州明珠,002108
1271,塑胶制品,顾地科技,002694
1272,塑胶制品,华信新材,300717
1273,塑胶制品,三角轮胎,601163
1274,塑胶制品,艾艾精工,603580
1275,塑胶制品,科创新源,300731
1276,塑胶制品,同益股份,300538
1277,塑胶制品,海南橡胶,601118
1278,塑胶制品,中鼎股份,000887
1279,塑胶制品,沃特股份,002886
1280,塑胶制品,雄塑科技,300599
1281,塑胶制品,日科化学,300214
1282,塑胶制品,天安新材,603725
1283,塑胶制品,春光科技,603657
1284,塑胶制品,杰美特,300868
1285,塑胶制品,东宏股份,603856
1286,塑胶制品,华峰超纤,300180
1287,塑胶制品,纳尔股份,002825
1288,塑胶制品,天晟新材,300169
1289,多元金融,绿庭B股,900919
1290,多元金融,*ST熊猫,600599
1291,多元金融,瑞达期货,002961
1292,多元金融,华铁应急,603300
1293,多元金融,海德股份,000567
1294,多元金融,东方能源,000958
1295,多元金融,中航资本,600705
1296,多元金融,西部资源,600139
1297,多元金融,经纬纺机,000666
1298,多元金融,中粮资本,002423
1299,多元金融,渤海租赁,000415
1300,多元金融,宝德股份,300023
1301,多元金融,民生控股,000416
1302,多元金融,五矿资本,600390
1303,多元金融,江苏租赁,600901
1304,多元金融,绿庭投资,600695
1305,多元金融,陕国投Ａ,000563
1306,多元金融,中油资本,000617
1307,多元金融,锦龙股份,000712
1308,多元金融,泛海控股,000046
1309,多元金融,爱建集团,600643
1310,多元金融,浙江东方,600120
1311,多元金融,南华期货,603093
1312,多元金融,易见股份,600093
1313,多元金融,香溢融通,600830
1314,多元金融,越秀金控,000987
1315,多元金融,新力金融,600318
1316,多元金融,吉艾科技,300309
1317,多元金融,九鼎投资,600053
1318,安防设备,淳中科技,603516
1319,安防设备,海康威视,002415
1320,安防设备,大立科技,002214
1321,安防设备,航天长峰,600855
1322,安防设备,高德红外,002414
1323,安防设备,中威电子,300270
1324,安防设备,大华股份,002236
1325,安防设备,ST网力,300367
1326,安防设备,汉邦高科,300449
1327,安防设备,GQY视讯,300076
1328,安防设备,高新兴,300098
1329,安防设备,英飞拓,002528
1330,安防设备,中国海防,600764
1331,安防设备,欧比特,300053
1332,安防设备,安居宝,300155
1333,家电行业,银河电子,002519
1334,家电行业,奥佳华,002614
1335,家电行业,奇精机械,603677
1336,家电行业,惠而浦,600983
1337,家电行业,*ST德豪,002005
1338,家电行业,四川九洲,000801
1339,家电行业,新宝股份,002705
1340,家电行业,*ST奋达,002681
1341,家电行业,苏 泊 尔,002032
1342,家电行业,格力电器,000651
1343,家电行业,九阳股份,002242
1344,家电行业,荣泰健康,603579
1345,家电行业,深康佳Ａ,000016
1346,家电行业,石头科技,688169
1347,家电行业,闽灿坤Ｂ,200512
1348,家电行业,莱克电气,603355
1349,家电行业,美的集团,000333
1350,家电行业,浙江美大,002677
1351,家电行业,三花智控,002050
1352,家电行业,朗迪集团,603726
1353,家电行业,晨丰科技,603685
1354,家电行业,百达精工,603331
1355,家电行业,虹美菱B,200521
1356,家电行业,ST圣莱,002473
1357,家电行业,聚隆科技,300475
1358,家电行业,万和电气,002543
1359,家电行业,ST毅昌,002420
1360,家电行业,ST狮头,600539
1361,家电行业,日丰股份,002953
1362,家电行业,奥普家居,603551
1363,家电行业,澳柯玛,600336
1364,家电行业,深康佳Ｂ,200016
1365,家电行业,爱仕达,002403
1366,家电行业,星帅尔,002860
1367,家电行业,奥马电器,002668
1368,家电行业,长虹美菱,000521
1369,家电行业,天银机电,300342
1370,家电行业,兆驰股份,002429
1371,家电行业,科沃斯,603486
1372,家电行业,春兰股份,600854
1373,家电行业,日出东方,603366
1374,家电行业,四川长虹,600839
1375,家电行业,老板电器,002508
1376,家电行业,飞科电器,603868
1377,家电行业,海信视像,600060
1378,家电行业,小熊电器,002959
1379,家电行业,海尔智家,600690
1380,家电行业,华帝股份,002035
1381,家电行业,北鼎股份,300824
1382,家电行业,海信家电,000921
1383,家电行业,金莱特,002723
1384,家电行业,天际股份,002759
1385,工程建设,百利科技,603959
1386,工程建设,中达安,300635
1387,工程建设,永福股份,300712
1388,工程建设,城地股份,603887
1389,工程建设,粤 水 电,002060
1390,工程建设,同济科技,600846
1391,工程建设,三维工程,002469
1392,工程建设,中化岩土,002542
1393,工程建设,合诚股份,603909
1394,工程建设,龙元建设,600491
1395,工程建设,国检集团,603060
1396,工程建设,中国建筑,601668
1397,工程建设,正平股份,603843
1398,工程建设,宏润建设,002062
1399,工程建设,华建集团,600629
1400,工程建设,腾达建设,600512
1401,工程建设,多喜爱,002761
1402,工程建设,龙建股份,600853
1403,工程建设,四川路桥,600039
1404,工程建设,中国核建,601611
1405,工程建设,东南网架,002135
1406,工程建设,高新发展,000628
1407,工程建设,重庆建工,600939
1408,工程建设,中设股份,002883
1409,工程建设,*ST围海,002586
1410,工程建设,北方国际,000065
1411,工程建设,浦东建设,600284
1412,工程建设,隧道股份,600820
1413,工程建设,中国化学,601117
1414,工程建设,森特股份,603098
1415,工程建设,勘设股份,603458
1416,工程建设,甘咨询,000779
1417,工程建设,金诚信,603979
1418,工程建设,苏交科,300284
1419,工程建设,黑牡丹,600510
1420,工程建设,测绘股份,300826
1421,工程建设,绿茵生态,002887
1422,工程建设,交建股份,603815
1423,工程建设,安徽建工,600502
1424,工程建设,中钢国际,000928
1425,工程建设,成都路桥,002628
1426,工程建设,华图山鼎,300492
1427,工程建设,上海建工,600170
1428,工程建设,中国交建,601800
1429,工程建设,葛洲坝,600068
1430,工程建设,启迪设计,300500
1431,工程建设,东华科技,002140
1432,工程建设,中国铁建,601186
1433,工程建设,设计总院,603357
1434,工程建设,筑博设计,300564
1435,工程建设,中国中铁,601390
1436,工程建设,天健集团,000090
1437,工程建设,浙江交科,002061
1438,工程建设,华阳国际,002949
1439,工程建设,中铝国际,601068
1440,工程建设,海波重科,300517
1441,工程建设,中工国际,002051
1442,工程建设,中公高科,603860
1443,工程建设,中国中冶,601618
1444,工程建设,建科院,300675
1445,工程建设,亚翔集成,603929
1446,工程建设,中国电建,601669
1447,工程建设,山东路桥,000498
1448,工程建设,东湖高新,600133
1449,工程建设,中设集团,603018
1450,工程建设,宁波建工,601789
1451,工程建设,祥龙电业,600769
1452,工程建设,中衡设计,603017
1453,工程建设,北新路桥,002307
1454,工程建设,中国海诚,002116
1455,工程建设,汉嘉设计,300746
1456,工程建设,垒知集团,002398
1457,工程建设,新城市,300778
1458,工程建设,建研院,603183
1459,工程建设,设研院,300732
1460,工程建设,中油工程,600339
1461,工程建设,新疆交建,002941
1462,工程建设,豪尔赛,002963
1463,工程建设,镇海股份,603637
1464,工艺商品,德艺文创,300640
1465,工艺商品,瑞贝卡,600439
1466,工艺商品,邦宝益智,603398
1467,房地产,嘉凯城,000918
1468,房地产,中体产业,600158
1469,房地产,全新好,000007
1470,房地产,卧龙地产,600173
1471,房地产,新黄浦,600638
1472,房地产,万通发展,600246
1473,房地产,*ST大港,002077
1474,房地产,*ST新光,002147
1475,房地产,三湘印象,000863
1476,房地产,莱茵体育,000558
1477,房地产,京基智农,000048
1478,房地产,新大正,002968
1479,房地产,信达地产,600657
1480,房地产,深物业A,000011
1481,房地产,沙河股份,000014
1482,房地产,云南城投,600239
1483,房地产,天地源,600665
1484,房地产,皇庭B,200056
1485,房地产,金科股份,000656
1486,房地产,外高Ｂ股,900912
1487,房地产,世联行,002285
1488,房地产,珠江实业,600684
1489,房地产,电子城,600658
1490,房地产,京汉股份,000615
1491,房地产,浦东金桥,600639
1492,房地产,临港B股,900928
1493,房地产,金桥Ｂ股,900911
1494,房地产,阳 光 城,000671
1495,房地产,绿景控股,000502
1496,房地产,中迪投资,000609
1497,房地产,粤泰股份,600393
1498,房地产,市北高新,600604
1499,房地产,凤凰股份,600716
1500,房地产,陆家Ｂ股,900932
1501,房地产,世荣兆业,002016
1502,房地产,汇丽B,900939
1503,房地产,市北B股,900902
1504,房地产,北辰实业,601588
1505,房地产,城投控股,600649
1506,房地产,华丽家族,600503
1507,房地产,天房发展,600322
1508,房地产,深深房Ｂ,200029
1509,房地产,亚太实业,000691
1510,房地产,华侨城Ａ,000069
1511,房地产,皇庭国际,000056
1512,房地产,深深房Ａ,000029
1513,房地产,深物业B,200011
1514,房地产,大名城,600094
1515,房地产,招商积余,001914
1516,房地产,苏州高新,600736
1517,房地产,阳光股份,000608
1518,房地产,陆家嘴,600663
1519,房地产,天保基建,000965
1520,房地产,广宇集团,002133
1521,房地产,城建发展,600266
1522,房地产,津滨发展,000897
1523,房地产,广汇物流,600603
1524,房地产,招商蛇口,001979
1525,房地产,*ST经开,600215
1526,房地产,华远地产,600743
1527,房地产,京投发展,600683
1528,房地产,南都物业,603506
1529,房地产,香江控股,600162
1530,房地产,京能置业,600791
1531,房地产,华联控股,000036
1532,房地产,渝 开 发,000514
1533,房地产,南京高科,600064
1534,房地产,大众交通,600611
1535,房地产,冠城大通,600067
1536,房地产,中国武夷,000797
1537,房地产,新湖中宝,600208
1538,房地产,海泰发展,600082
1539,房地产,大众Ｂ股,900903
1540,房地产,深振业Ａ,000006
1541,房地产,ST山水,600234
1542,房地产,迪马股份,600565
1543,房地产,荣安地产,000517
1544,房地产,顺发恒业,000631
1545,房地产,海印股份,000861
1546,房地产,上海临港,600848
1547,房地产,美好置业,000667
1548,房地产,光大嘉宝,600622
1549,房地产,鲁商发展,600223
1550,房地产,大悦城,000031
1551,房地产,万业企业,600641
1552,房地产,海南高速,000886
1553,房地产,华夏幸福,600340
1554,房地产,万  科Ａ,000002
1555,房地产,浙江广厦,600052
1556,房地产,海航投资,000616
1557,房地产,中华企业,600675
1558,房地产,金地集团,600383
1559,房地产,广宇发展,000537
1560,房地产,中洲控股,000042
1561,房地产,中南建设,000961
1562,房地产,保利地产,600048
1563,房地产,中国国贸,600007
1564,房地产,*ST松江,600225
1565,房地产,中新集团,601512
1566,房地产,合肥城建,002208
1567,房地产,大龙地产,600159
1568,房地产,中天金融,000540
1569,房地产,西藏城投,600773
1570,房地产,华发股份,600325
1571,房地产,外高桥,600648
1572,房地产,新城控股,601155
1573,房地产,南国置业,002305
1574,房地产,滨江集团,002244
1575,房地产,格力地产,600185
1576,房地产,我爱我家,000560
1577,房地产,蓝光发展,600466
1578,房地产,绿地控股,600606
1579,房地产,光明地产,600708
1580,房地产,栖霞建设,600533
1581,房地产,亚通股份,600692
1582,房地产,荣盛发展,002146
1583,房地产,首开股份,600376
1584,房地产,中交地产,000736
1585,房地产,财信发展,000838
1586,房地产,上实发展,600748
1587,房地产,张江高科,600895
1588,房地产,福星股份,000926
1589,房地产,苏宁环球,000718
1590,房地产,大名城B,900940
1591,房地产,空港股份,600463
1592,房地产,金 融 街,000402
1593,房地产,南山控股,002314
1594,房地产,世茂股份,600823
1595,房地产,新华联,000620
1596,房地产,国创高新,002377
1597,房地产,粤宏远Ａ,000573
1598,房地产,宋都股份,600077
1599,房地产,海航基础,600515
1600,房地产,荣丰控股,000668
1601,房地产,锦和商业,603682
1602,房地产,泰禾集团,000732
1603,文化传媒,暴风退,300431
1604,文化传媒,华闻集团,000793
1605,文化传媒,光线传媒,300251
1606,文化传媒,紫天科技,300280
1607,文化传媒,北京文化,000802
1608,文化传媒,万达电影,002739
1609,文化传媒,米奥会展,300795
1610,文化传媒,元隆雅图,002878
1611,文化传媒,壹网壹创,300792
1612,文化传媒,中国电影,600977
1613,文化传媒,华谊兄弟,300027
1614,文化传媒,中信出版,300788
1615,文化传媒,分众传媒,002027
1616,文化传媒,引力传媒,603598
1617,文化传媒,中文在线,300364
1618,文化传媒,欢瑞世纪,000892
1619,文化传媒,祥源文化,600576
1620,文化传媒,龙韵股份,603729
1621,文化传媒,力盛赛车,002858
1622,文化传媒,上海电影,601595
1623,文化传媒,创业黑马,300688
1624,文化传媒,唐德影视,300426
1625,文化传媒,*ST大晟,600892
1626,文化传媒,三人行,605168
1627,文化传媒,文投控股,600715
1628,文化传媒,南方传媒,601900
1629,文化传媒,万润科技,002654
1630,文化传媒,中广天择,603721
1631,文化传媒,中文传媒,600373
1632,文化传媒,当代文体,600136
1633,文化传媒,完美世界,002624
1634,文化传媒,新媒股份,300770
1635,文化传媒,新经典,603096
1636,文化传媒,中南传媒,601098
1637,文化传媒,联建光电,300269
1638,文化传媒,华谊嘉信,300071
1639,文化传媒,旗天科技,300061
1640,文化传媒,金逸影视,002905
1641,文化传媒,*ST聚力,002247
1642,文化传媒,粤 传 媒,002181
1643,文化传媒,风语筑,603466
1644,文化传媒,华媒控股,000607
1645,文化传媒,电广传媒,000917
1646,文化传媒,出版传媒,601999
1647,文化传媒,惠程科技,002168
1648,文化传媒,智度股份,000676
1649,文化传媒,城市传媒,600229
1650,文化传媒,山东出版,601019
1651,文化传媒,时代出版,600551
1652,文化传媒,视觉中国,000681
1653,文化传媒,皖新传媒,601801
1654,文化传媒,省广集团,002400
1655,文化传媒,安妮股份,002235
1656,文化传媒,浙数文化,600633
1657,文化传媒,慈文传媒,002343
1658,文化传媒,广西广电,600936
1659,文化传媒,读者传媒,603999
1660,文化传媒,长江传媒,600757
1661,文化传媒,中原传媒,000719
1662,文化传媒,华策影视,300133
1663,文化传媒,ST游久,600652
1664,文化传媒,博瑞传播,600880
1665,文化传媒,华数传媒,000156
1666,文化传媒,横店影视,603103
1667,文化传媒,腾信股份,300392
1668,文化传媒,天下秀,600556
1669,文化传媒,号百控股,600640
1670,文化传媒,东方明珠,600637
1671,文化传媒,贵广网络,600996
1672,文化传媒,中视传媒,600088
1673,文化传媒,新文化,300336
1674,文化传媒,电声股份,300805
1675,文化传媒,科达股份,600986
1676,文化传媒,歌华有线,600037
1677,文化传媒,广电网络,600831
1678,文化传媒,人民网,603000
1679,文化传媒,因赛集团,300781
1680,文化传媒,锋尚文化,300860
1681,文化传媒,华录百纳,300291
1682,文化传媒,三六五网,300295
1683,文化传媒,*ST当代,000673
1684,文化传媒,中国出版,601949
1685,文化传媒,宣亚国际,300612
1686,文化传媒,新华文轩,601811
1687,文化传媒,天威视讯,002238
1688,文化传媒,吉视传媒,601929
1689,文化传媒,新华网,603888
1690,文化传媒,天舟文化,300148
1691,文化传媒,蓝色光标,300058
1692,文化传媒,江苏有线,600959
1693,文化传媒,凯撒文化,002425
1694,文化传媒,艾格拉斯,002619
1695,文化传媒,金科文化,300459
1696,文化传媒,天龙集团,300063
1697,文化传媒,吉宏股份,002803
1698,文化传媒,凤凰传媒,601928
1699,文化传媒,幸福蓝海,300528
1700,文化传媒,湖北广电,000665
1701,文化传媒,芒果超媒,300413
1702,文化传媒,掌阅科技,603533
1703,文化传媒,联创股份,300343
1704,文化传媒,华扬联众,603825
1705,文化传媒,*ST长动,000835
1706,文化传媒,*ST长城,002071
1707,文化传媒,新华传媒,600825
1708,文化传媒,奥飞娱乐,002292
1709,文化传媒,中国科传,601858
1710,文化传媒,思美传媒,002712
1711,文教休闲,N共创,605099
1712,文教休闲,金陵体育,300651
1713,文教休闲,紫光学大,000526
1714,文教休闲,科锐国际,300662
1715,文教休闲,巨人网络,002558
1716,文教休闲,美盛文化,002699
1717,文教休闲,*ST群兴,002575
1718,文教休闲,晨光文具,603899
1719,文教休闲,凤凰B股,900916
1720,文教休闲,珠江钢琴,002678
1721,文教休闲,美吉姆,002621
1722,文教休闲,全通教育,300359
1723,文教休闲,广博股份,002103
1724,文教休闲,中路Ｂ股,900915
1725,文教休闲,中国高科,600730
1726,文教休闲,*ST中华B,200017
1727,文教休闲,*ST勤上,002638
1728,文教休闲,中公教育,002607
1729,文教休闲,星辉娱乐,300043
1730,文教休闲,世纪天鸿,300654
1731,文教休闲,信隆健康,002105
1732,文教休闲,鸿合科技,002955
1733,文教休闲,三盛教育,300282
1734,文教休闲,创源文化,300703
1735,文教休闲,昂立教育,600661
1736,文教休闲,姚记科技,002605
1737,文教休闲,上海凤凰,600679
1738,文教休闲,英派斯,002899
1739,文教休闲,博通股份,600455
1740,文教休闲,中路股份,600818
1741,文教休闲,高乐股份,002348
1742,文教休闲,海伦钢琴,300329
1743,文教休闲,*ST中华A,000017
1744,文教休闲,凯文教育,002659
1745,文教休闲,开元股份,300338
1746,文教休闲,昆仑万维,300418
1747,文教休闲,齐心集团,002301
1748,文教休闲,实丰文化,002862
1749,旅游酒店,ST云网,002306
1750,旅游酒店,*ST海创B,900955
1751,旅游酒店,黄山旅游,600054
1752,旅游酒店,大连圣亚,600593
1753,旅游酒店,中山金马,300756
1754,旅游酒店,锦旅Ｂ股,900929
1755,旅游酒店,中青旅,600138
1756,旅游酒店,*ST联合,600358
1757,旅游酒店,九华旅游,603199
1758,旅游酒店,金陵饭店,601007
1759,旅游酒店,天目湖,603136
1760,旅游酒店,宋城演艺,300144
1761,旅游酒店,希努尔,002485
1762,旅游酒店,锦江酒店,600754
1763,旅游酒店,中国中免,601888
1764,旅游酒店,黄山Ｂ股,900942
1765,旅游酒店,曲江文旅,600706
1766,旅游酒店,三特索道,002159
1767,旅游酒店,凯撒旅业,000796
1768,旅游酒店,大东海B,200613
1769,旅游酒店,峨眉山Ａ,000888
1770,旅游酒店,大东海A,000613
1771,旅游酒店,丽江股份,002033
1772,旅游酒店,锦江Ｂ股,900934
1773,旅游酒店,首旅酒店,600258
1774,旅游酒店,*ST海创,600555
1775,旅游酒店,长白山,603099
1776,旅游酒店,桂林旅游,000978
1777,旅游酒店,西藏旅游,600749
1778,旅游酒店,全 聚 德,002186
1779,旅游酒店,云南旅游,002059
1780,旅游酒店,张家界,000430
1781,旅游酒店,西域旅游,300859
1782,旅游酒店,西安旅游,000610
1783,旅游酒店,华天酒店,000428
1784,旅游酒店,岭南控股,000524
1785,旅游酒店,西安饮食,000721
1786,旅游酒店,腾邦国际,300178
1787,旅游酒店,众信旅游,002707
1788,有色金属,*ST利源,002501
1789,有色金属,闽发铝业,002578
1790,有色金属,宝钛股份,600456
1791,有色金属,博威合金,601137
1792,有色金属,西藏矿业,000762
1793,有色金属,精艺股份,002295
1794,有色金属,顺博合金,002996
1795,有色金属,银泰黄金,000975
1796,有色金属,四通新材,300428
1797,有色金属,ST中孚,600595
1798,有色金属,*ST梦舟,600255
1799,有色金属,明泰铝业,601677
1800,有色金属,和胜股份,002824
1801,有色金属,兴业矿业,000426
1802,有色金属,华友钴业,603799
1803,有色金属,东方钽业,000962
1804,有色金属,*ST鹏起B,900907
1805,有色金属,*ST鹏起,600614
1806,有色金属,亚太科技,002540
1807,有色金属,楚江新材,002171
1808,有色金属,东方锆业,002167
1809,有色金属,锌业股份,000751
1810,有色金属,众源新材,603527
1811,有色金属,焦作万方,000612
1812,有色金属,豫光金铅,600531
1813,有色金属,河钢资源,000923
1814,有色金属,厦门钨业,600549
1815,有色金属,五矿稀土,000831
1816,有色金属,南山铝业,600219
1817,有色金属,铜陵有色,000630
1818,有色金属,广晟有色,600259
1819,有色金属,攀钢钒钛,000629
1820,有色金属,中矿资源,002738
1821,有色金属,深圳新星,603978
1822,有色金属,鹏欣资源,600490
1823,有色金属,北方稀土,600111
1824,有色金属,江西铜业,600362
1825,有色金属,电工合金,300697
1826,有色金属,翔鹭钨业,002842
1827,有色金属,寒锐钴业,300618
1828,有色金属,合金投资,000633
1829,有色金属,白银有色,601212
1830,有色金属,洛阳钼业,603993
1831,有色金属,盛和资源,600392
1832,有色金属,锡业股份,000960
1833,有色金属,赣锋锂业,002460
1834,有色金属,金田铜业,601609
1835,有色金属,宁波韵升,600366
1836,有色金属,中国铝业,601600
1837,有色金属,宁波富邦,600768
1838,有色金属,万邦德,002082
1839,有色金属,云南锗业,002428
1840,有色金属,金钼股份,601958
1841,有色金属,云海金属,002182
1842,有色金属,中钨高新,000657
1843,有色金属,云南铜业,000878
1844,有色金属,宏达股份,600331
1845,有色金属,鼎胜新材,603876
1846,有色金属,罗平锌电,002114
1847,有色金属,中金岭南,000060
1848,有色金属,怡球资源,601388
1849,有色金属,驰宏锌锗,600497
1850,有色金属,常铝股份,002160
1851,有色金属,中色股份,000758
1852,有色金属,西藏珠峰,600338
1853,有色金属,新疆众和,600888
1854,有色金属,华钰矿业,601020
1855,有色金属,神火股份,000933
1856,有色金属,吉翔股份,603399
1857,有色金属,盛屯矿业,600711
1858,有色金属,章源钨业,002378
1859,有色金属,海亮股份,002203
1860,有色金属,西部矿业,601168
1861,有色金属,华峰铝业,601702
1862,有色金属,株冶集团,600961
1863,有色金属,云铝股份,000807
1864,有色金属,国城矿业,000688
1865,木业家具,江山欧派,603208
1866,木业家具,金牌厨柜,603180
1867,木业家具,喜临门,603008
1868,木业家具,顾家家居,603816
1869,木业家具,恒林股份,603661
1870,木业家具,欧派家居,603833
1871,木业家具,易尚展示,002751
1872,木业家具,康欣新材,600076
1873,木业家具,兔 宝 宝,002043
1874,木业家具,曲美家居,603818
1875,木业家具,大亚圣象,000910
1876,木业家具,麒盛科技,603610
1877,木业家具,顶固集创,300749
1878,木业家具,友邦吊顶,002718
1879,木业家具,ST景谷,600265
1880,木业家具,志邦家居,603801
1881,木业家具,我乐家居,603326
1882,木业家具,爱丽家居,603221
1883,木业家具,美克家居,600337
1884,木业家具,好莱客,603898
1885,木业家具,*ST永林,000663
1886,木业家具,皮阿诺,002853
1887,木业家具,帝欧家居,002798
1888,木业家具,尚品宅配,300616
1889,木业家具,*ST亚振,603389
1890,木业家具,中源家居,603709
1891,木业家具,索菲亚,002572
1892,木业家具,菲林格尔,603226
1893,木业家具,德尔未来,002631
1894,木业家具,丰林集团,601996
1895,木业家具,福建金森,002679
1896,木业家具,浙江永强,002489
1897,木业家具,梦百合,603313
1898,木业家具,*ST宜生,600978
1899,木业家具,平潭发展,000592
1900,木业家具,永艺股份,603600
1901,机械行业,潍柴重机,000880
1902,机械行业,新雷能,300593
1903,机械行业,斯莱克,300382
1904,机械行业,江苏雷利,300660
1905,机械行业,新美星,300509
1906,机械行业,日月股份,603218
1907,机械行业,上柴股份,600841
1908,机械行业,沪宁股份,300669
1909,机械行业,云内动力,000903
1910,机械行业,山河智能,002097
1911,机械行业,东方电热,300217
1912,机械行业,通裕重工,300185
1913,机械行业,*ST湘电,600416
1914,机械行业,龙马环卫,603686
1915,机械行业,新强联,300850
1916,机械行业,长鹰信质,002664
1917,机械行业,江苏神通,002438
1918,机械行业,一拖股份,601038
1919,机械行业,君禾股份,603617
1920,机械行业,纽威股份,603699
1921,机械行业,龙溪股份,600592
1922,机械行业,中信博,688408
1923,机械行业,博深股份,002282
1924,机械行业,伊之密,300415
1925,机械行业,融捷健康,300247
1926,机械行业,埃斯顿,002747
1927,机械行业,郑煤机,601717
1928,机械行业,山东威达,002026
1929,机械行业,绿的谐波,688017
1930,机械行业,建设机械,600984
1931,机械行业,轴研科技,002046
1932,机械行业,中电电机,603988
1933,机械行业,杭汽轮Ｂ,200771
1934,机械行业,上柴Ｂ股,900920
1935,机械行业,瑞凌股份,300154
1936,机械行业,*ST京城,600860
1937,机械行业,鸣志电器,603728
1938,机械行业,英搏尔,300681
1939,机械行业,晶盛机电,300316
1940,机械行业,永和智控,002795
1941,机械行业,ST慧业,000816
1942,机械行业,凌霄泵业,002884
1943,机械行业,瓦轴B,200706
1944,机械行业,北方导航,600435
1945,机械行业,中科电气,300035
1946,机械行业,华西能源,002630
1947,机械行业,华辰装备,300809
1948,机械行业,潍柴动力,000338
1949,机械行业,拓斯达,300607
1950,机械行业,锐奇股份,300126
1951,机械行业,华宏科技,002645
1952,机械行业,中联重科,000157
1953,机械行业,神力股份,603819
1954,机械行业,海立Ｂ股,900910
1955,机械行业,诺力股份,603611
1956,机械行业,蓝黛传动,002765
1957,机械行业,远东传动,002406
1958,机械行业,中密控股,300470
1959,机械行业,英维克,002837
1960,机械行业,中国动力,600482
1961,机械行业,浙江鼎力,603338
1962,机械行业,华电重工,601226
1963,机械行业,新朋股份,002328
1964,机械行业,微光股份,002801
1965,机械行业,科达制造,600499
1966,机械行业,航天动力,600343
1967,机械行业,龙源技术,300105
1968,机械行业,大元泵业,603757
1969,机械行业,三一重工,600031
1970,机械行业,福鞍股份,603315
1971,机械行业,南风股份,300004
1972,机械行业,鲍斯股份,300441
1973,机械行业,国睿科技,600562
1974,机械行业,恒立实业,000622
1975,机械行业,展鹏科技,603488
1976,机械行业,润邦股份,002483
1977,机械行业,太原重工,600169
1978,机械行业,*ST天马,002122
1979,机械行业,富瑞特装,300228
1980,机械行业,佳电股份,000922
1981,机械行业,双环传动,002472
1982,机械行业,内蒙一机,600967
1983,机械行业,泰禾光电,603656
1984,机械行业,杭叉集团,603298
1985,机械行业,科新机电,300092
1986,机械行业,华伍股份,300095
1987,机械行业,大叶股份,300879
1988,机械行业,天奇股份,002009
1989,机械行业,国盛智科,688558
1990,机械行业,昊志机电,300503
1991,机械行业,八方股份,603489
1992,机械行业,赛象科技,002337
1993,机械行业,冰山冷热,000530
1994,机械行业,梅轮电梯,603321
1995,机械行业,康跃科技,300391
1996,机械行业,华光环能,600475
1997,机械行业,威海广泰,002111
1998,机械行业,合锻智能,603011
1999,机械行业,ST仰帆,600421
2000,机械行业,五洲新春,603667
2001,机械行业,佳士科技,300193
2002,机械行业,北方股份,600262
2003,机械行业,杭锅股份,002534
2004,机械行业,北矿科技,600980
2005,机械行业,华菱精工,603356
2006,机械行业,*ST厦工,600815
2007,机械行业,文一科技,600520
2008,机械行业,*ST海华,600243
2009,机械行业,哈空调,600202
2010,机械行业,金明精机,300281
2011,机械行业,华中数控,300161
2012,机械行业,冰山B,200530
2013,机械行业,金轮股份,002722
2014,机械行业,首航高科,002665
2015,机械行业,雪人股份,002639
2016,机械行业,*ST江特,002176
2017,机械行业,ST中捷,002021
2018,机械行业,京山轻机,000821
2019,机械行业,*ST宝实,000595
2020,机械行业,*ST沈机,000410
2021,机械行业,乐歌股份,300729
2022,机械行业,四方科技,603339
2023,机械行业,德宏股份,603701
2024,机械行业,新筑股份,002480
2025,机械行业,国机通用,600444
2026,机械行业,金自天正,600560
2027,机械行业,川润股份,002272
2028,机械行业,机电Ｂ股,900925
2029,机械行业,日发精机,002520
2030,机械行业,远大智能,002689
2031,机械行业,国茂股份,603915
2032,机械行业,恒立液压,601100
2033,机械行业,康力电梯,002367
2034,机械行业,亿利达,002686
2035,机械行业,方正电机,002196
2036,机械行业,振华Ｂ股,900947
2037,机械行业,山东矿机,002526
2038,机械行业,上海机电,600835
2039,机械行业,石化机械,000852
2040,机械行业,苏常柴Ａ,000570
2041,机械行业,星光农机,603789
2042,机械行业,中泰股份,300435
2043,机械行业,汉宇集团,300403
2044,机械行业,*ST中南,002445
2045,机械行业,华丰股份,605100
2046,机械行业,杭齿前进,601177
2047,机械行业,吉峰科技,300022
2048,机械行业,新时达,002527
2049,机械行业,*ST秦机,000837
2050,机械行业,德马科技,688360
2051,机械行业,三丰智能,300276
2052,机械行业,冰轮环境,000811
2053,机械行业,西仪股份,002265
2054,机械行业,长荣股份,300195
2055,机械行业,银宝山新,002786
2056,机械行业,迪贝电气,603320
2057,机械行业,中亚股份,300512
2058,机械行业,海立股份,600619
2059,机械行业,振华重工,600320
2060,机械行业,*ST林重,002535
2061,机械行业,*ST海陆,002255
2062,机械行业,泰尔股份,002347
2063,机械行业,德恩精工,300780
2064,机械行业,大族激光,002008
2065,机械行业,汉钟精机,002158
2066,机械行业,克劳斯,600579
2067,机械行业,天桥起重,002523
2068,机械行业,隆鑫通用,603766
2069,机械行业,中信重工,601608
2070,机械行业,盾安环境,002011
2071,机械行业,浙富控股,002266
2072,机械行业,中金环境,300145
2073,机械行业,山推股份,000680
2074,机械行业,华瑞股份,300626
2075,机械行业,华东数控,002248
2076,机械行业,宇环数控,002903
2077,机械行业,隆华科技,300263
2078,机械行业,开山股份,300257
2079,机械行业,山东章鼓,002598
2080,机械行业,上工申贝,600843
2081,机械行业,哈工智能,000584
2082,机械行业,蓝科高新,601798
2083,机械行业,天地科技,600582
2084,机械行业,中核科技,000777
2085,机械行业,三超新材,300554
2086,机械行业,中国一重,601106
2087,机械行业,宏盛股份,603090
2088,机械行业,建车B,200054
2089,机械行业,海鸥股份,603269
2090,机械行业,陕鼓动力,601369
2091,机械行业,华昌达,300278
2092,机械行业,东贝Ｂ股,900956
2093,机械行业,机器人,300024
2094,机械行业,中坚科技,002779
2095,机械行业,长虹华意,000404
2096,机械行业,智云股份,300097
2097,机械行业,铁科轨道,688569
2098,机械行业,上工Ｂ股,900924
2099,机械行业,精功科技,002006
2100,机械行业,科力尔,002892
2101,机械行业,冀凯股份,002691
2102,机械行业,申科股份,002633
2103,机械行业,晋亿实业,601002
2104,机械行业,苏常柴Ｂ,200570
2105,机械行业,海川智能,300720
2106,机械行业,海天精工,601882
2107,机械行业,大洋电机,002249
2108,机械行业,华东重机,002685
2109,机械行业,山东墨龙,002490
2110,机械行业,浙海德曼,688577
2111,机械行业,上海沪工,603131
2112,机械行业,徐工机械,000425
2113,机械行业,柳    工,000528
2114,机械行业,双飞股份,300817
2115,机械行业,银都股份,603277
2116,机械行业,天鹅股份,603029
2117,机械行业,金太阳,300606
2118,机械行业,五洋停车,300420
2119,机械行业,台海核电,002366
2120,机械行业,埃夫特-U,688165
2121,机械行业,中大力德,002896
2122,机械行业,龙净环保,600388
2123,机械行业,全柴动力,600218
2124,机械行业,亚威股份,002559
2125,机械行业,蓝英装备,300293
2126,机械行业,派思股份,603318
2127,机械行业,金盾股份,300411
2128,机械行业,神开股份,002278
2129,机械行业,诚益通,300430
2130,机械行业,快意电梯,002774
2131,机械行业,保力新,300116
2132,机械行业,利君股份,002651
2133,机械行业,长盛轴承,300718
2134,机械行业,厚普股份,300471
2135,机械行业,深冷股份,300540
2136,机械行业,金通灵,300091
2137,机械行业,伟隆股份,002871
2138,材料行业,N世华,688093
2139,材料行业,豫金刚石,300064
2140,材料行业,亿晶光电,600537
2141,材料行业,易成新能,300080
2142,材料行业,南方汇通,000920
2143,材料行业,国轩高科,002074
2144,材料行业,爱旭股份,600732
2145,材料行业,中来股份,300393
2146,材料行业,拓日新能,002218
2147,材料行业,容百科技,688005
2148,材料行业,翔丰华,300890
2149,材料行业,奥福环保,688021
2150,材料行业,四方达,300179
2151,材料行业,长阳科技,688299
2152,材料行业,天奈科技,688116
2153,材料行业,苏大维格,300331
2154,材料行业,当升科技,300073
2155,材料行业,博云新材,002297
2156,材料行业,宏创控股,002379
2157,材料行业,裕兴股份,300305
2158,材料行业,濮耐股份,002225
2159,材料行业,方邦股份,688020
2160,材料行业,赛特新材,688398
2161,材料行业,美畅股份,300861
2162,材料行业,立霸股份,603519
2163,材料行业,嘉元科技,688388
2164,材料行业,安集科技,688019
2165,材料行业,钢研高纳,300034
2166,材料行业,璞泰来,603659
2167,材料行业,诺德股份,600110
2168,材料行业,金石资源,603505
2169,材料行业,坤彩科技,603826
2170,材料行业,先锋新材,300163
2171,材料行业,东材科技,601208
2172,材料行业,有研新材,600206
2173,材料行业,中环股份,002129
2174,材料行业,联瑞新材,688300
2175,材料行业,黄河旋风,600172
2176,材料行业,金力永磁,300748
2177,材料行业,银邦股份,300337
2178,材料行业,道明光学,002632
2179,材料行业,北京利尔,002392
2180,材料行业,隆基股份,601012
2181,材料行业,正海磁材,300224
2182,材料行业,乐凯胶片,600135
2183,材料行业,东尼电子,603595
2184,材料行业,沃尔核材,002130
2185,材料行业,ST中科创,002290
2186,材料行业,三祥新材,603663
2187,材料行业,瑞泰科技,002066
2188,材料行业,神工股份,688233
2189,材料行业,凯盛科技,600552
2190,材料行业,康达新材,002669
2191,材料行业,万里股份,600847
2192,材料行业,新宙邦,300037
2193,材料行业,ST乐凯,300446
2194,材料行业,凯赛生物,688065
2195,材料行业,蓝思科技,300433
2196,材料行业,阿石创,300706
2197,材料行业,金博股份,688598
2198,材料行业,金瑞矿业,600714
2199,材料行业,八亿时空,688181
2200,材料行业,方大炭素,600516
2201,材料行业,上海新阳,300236
2202,材料行业,科恒股份,300340
2203,材料行业,再升科技,603601
2204,材料行业,英洛华,000795
2205,材料行业,德威新材,300325
2206,材料行业,福达合金,603045
2207,材料行业,星源材质,300568
2208,材料行业,大地熊,688077
2209,材料行业,中简科技,300777
2210,材料行业,西部材料,002149
2211,材料行业,南大光电,300346
2212,材料行业,江丰电子,300666
2213,材料行业,索通发展,603612
2214,材料行业,东岳硅材,300821
2215,材料行业,时代新材,600458
2216,材料行业,格林美,002340
2217,材料行业,帝科股份,300842
2218,材料行业,斯迪克,300806
2219,材料行业,甬金股份,603995
2220,材料行业,石英股份,603688
2221,材料行业,神剑股份,002361
2222,材料行业,上纬新材,688585
2223,材料行业,温州宏丰,300283
2224,材料行业,开尔新材,300234
2225,材料行业,新莱应材,300260
2226,材料行业,道氏技术,300409
2227,材料行业,新界泵业,002532
2228,材料行业,海星股份,603115
2229,材料行业,威华股份,002240
2230,材料行业,新纶科技,002341
2231,材料行业,高盟新材,300200
2232,材料行业,瑞联新材,688550
2233,材料行业,科力远,600478
2234,材料行业,横店东磁,002056
2235,材料行业,岱勒新材,300700
2236,民航机场,海控Ｂ股,900945
2237,民航机场,中国国航,601111
2238,民航机场,东方航空,600115
2239,民航机场,春秋航空,601021
2240,民航机场,吉祥航空,603885
2241,民航机场,华夏航空,002928
2242,民航机场,白云机场,600004
2243,民航机场,南方航空,600029
2244,民航机场,上海机场,600009
2245,民航机场,海航控股,600221
2246,民航机场,厦门空港,600897
2247,民航机场,中信海直,000099
2248,民航机场,深圳机场,000089
2249,水泥建材,嘉寓股份,300117
2250,水泥建材,三圣股份,002742
2251,水泥建材,海南瑞泽,002596
2252,水泥建材,凯伦股份,300715
2253,水泥建材,四川双马,000935
2254,水泥建材,万里石,002785
2255,水泥建材,ST罗普,002333
2256,水泥建材,永高股份,002641
2257,水泥建材,*ST雅博,002323
2258,水泥建材,四川金顶,600678
2259,水泥建材,杭萧钢构,600477
2260,水泥建材,科顺股份,300737
2261,水泥建材,亚泰集团,600881
2262,水泥建材,西藏天路,600326
2263,水泥建材,宁夏建材,600449
2264,水泥建材,伟星新材,002372
2265,水泥建材,上峰水泥,000672
2266,水泥建材,韩建河山,603616
2267,水泥建材,中材国际,600970
2268,水泥建材,正源股份,600321
2269,水泥建材,万年青,000789
2270,水泥建材,塔牌集团,002233
2271,水泥建材,尖峰集团,600668
2272,水泥建材,祁连山,600720
2273,水泥建材,福建水泥,600802
2274,水泥建材,金隅集团,601992
2275,水泥建材,东方雨虹,002271
2276,水泥建材,龙泉股份,002671
2277,水泥建材,北新建材,000786
2278,水泥建材,鸿路钢构,002541
2279,水泥建材,华新Ｂ股,900933
2280,水泥建材,青龙管业,002457
2281,水泥建材,海螺型材,000619
2282,水泥建材,国统股份,002205
2283,水泥建材,海螺水泥,600585
2284,水泥建材,宁波富达,600724
2285,水泥建材,冀东水泥,000401
2286,水泥建材,富煌钢构,002743
2287,水泥建材,天山股份,000877
2288,水泥建材,博闻科技,600883
2289,水泥建材,西部建设,002302
2290,水泥建材,纳川股份,300198
2291,水泥建材,华新水泥,600801
2292,水泥建材,深天地Ａ,000023
2293,水泥建材,精工钢构,600496
2294,水泥建材,青松建化,600425
2295,水泥建材,豪美新材,002988
2296,汽车行业,长华股份,605018
2297,汽车行业,比亚迪,002594
2298,汽车行业,长城汽车,601633
2299,汽车行业,湘油泵,603319
2300,汽车行业,正裕工业,603089
2301,汽车行业,中国汽研,601965
2302,汽车行业,中国重汽,000951
2303,汽车行业,富临精工,300432
2304,汽车行业,科华控股,603161
2305,汽车行业,银轮股份,002126
2306,汽车行业,福达股份,603166
2307,汽车行业,双林股份,300100
2308,汽车行业,钧达股份,002865
2309,汽车行业,保隆科技,603197
2310,汽车行业,雪龙集团,603949
2311,汽车行业,ST宏盛,600817
2312,汽车行业,金鸿顺,603922
2313,汽车行业,合康新能,300048
2314,汽车行业,科博达,603786
2315,汽车行业,奥联电子,300585
2316,汽车行业,越博动力,300742
2317,汽车行业,宁德时代,300750
2318,汽车行业,鹏翎股份,300375
2319,汽车行业,沪光股份,605333
2320,汽车行业,雷迪克,300652
2321,汽车行业,隆盛科技,300680
2322,汽车行业,浙江世宝,002703
2323,汽车行业,合力科技,603917
2324,汽车行业,ST海马,000572
2325,汽车行业,继峰股份,603997
2326,汽车行业,华培动力,603121
2327,汽车行业,大为股份,002213
2328,汽车行业,金麒麟,603586
2329,汽车行业,*ST银亿,000981
2330,汽车行业,德尔股份,300473
2331,汽车行业,长春一东,600148
2332,汽车行业,云意电气,300304
2333,汽车行业,威唐工业,300707
2334,汽车行业,*ST力帆,601777
2335,汽车行业,海伦哲,300201
2336,汽车行业,*ST众泰,000980
2337,汽车行业,华达科技,603358
2338,汽车行业,长源东谷,603950
2339,汽车行业,铁流股份,603926
2340,汽车行业,德赛西威,002920
2341,汽车行业,孚能科技,688567
2342,汽车行业,圣龙股份,603178
2343,汽车行业,旭升股份,603305
2344,汽车行业,华菱星马,600375
2345,汽车行业,天润工业,002283
2346,汽车行业,华懋科技,603306
2347,汽车行业,长安汽车,000625
2348,汽车行业,青岛双星,000599
2349,汽车行业,威帝股份,603023
2350,汽车行业,东风汽车,600006
2351,汽车行业,浙江仙通,603239
2352,汽车行业,江铃汽车,000550
2353,汽车行业,江  铃Ｂ,200550
2354,汽车行业,富奥股份,000030
2355,汽车行业,江淮汽车,600418
2356,汽车行业,联明股份,603006
2357,汽车行业,航天科技,000901
2358,汽车行业,兆丰股份,300695
2359,汽车行业,文灿股份,603348
2360,汽车行业,凯马Ｂ,900953
2361,汽车行业,交运股份,600676
2362,汽车行业,S佳通,600182
2363,汽车行业,上汽集团,600104
2364,汽车行业,富奥B,200030
2365,汽车行业,联诚精密,002921
2366,汽车行业,道通科技,688208
2367,汽车行业,阿尔特,300825
2368,汽车行业,西菱动力,300733
2369,汽车行业,松芝股份,002454
2370,汽车行业,飞龙股份,002536
2371,汽车行业,奥特佳,002239
2372,汽车行业,小康股份,601127
2373,汽车行业,成飞集成,002190
2374,汽车行业,德联集团,002666
2375,汽车行业,均胜电子,600699
2376,汽车行业,日盈电子,603286
2377,汽车行业,泉峰汽车,603982
2378,汽车行业,襄阳轴承,000678
2379,汽车行业,亚太股份,002284
2380,汽车行业,伯特利,603596
2381,汽车行业,风神股份,600469
2382,汽车行业,天汽模,002510
2383,汽车行业,星宇股份,601799
2384,汽车行业,华域汽车,600741
2385,汽车行业,巨轮智能,002031
2386,汽车行业,冠盛股份,605088
2387,汽车行业,广汽集团,601238
2388,汽车行业,拓普集团,601689
2389,汽车行业,中原内配,002448
2390,汽车行业,宇通客车,600066
2391,汽车行业,腾龙股份,603158
2392,汽车行业,广东鸿图,002101
2393,汽车行业,金杯汽车,600609
2394,汽车行业,渤海汽车,600960
2395,汽车行业,贝斯特,300580
2396,汽车行业,爱柯迪,600933
2397,汽车行业,迪生力,603335
2398,汽车行业,苏威孚Ｂ,200581
2399,汽车行业,岱美股份,603730
2400,汽车行业,登云股份,002715
2401,汽车行业,上海沿浦,605128
2402,汽车行业,模塑科技,000700
2403,汽车行业,常熟汽饰,603035
2404,汽车行业,北巴传媒,600386
2405,汽车行业,ST八菱,002592
2406,汽车行业,北汽蓝谷,600733
2407,汽车行业,北特科技,603009
2408,汽车行业,贵航股份,600523
2409,汽车行业,光洋股份,002708
2410,汽车行业,中通客车,000957
2411,汽车行业,万丰奥威,002085
2412,汽车行业,一汽解放,000800
2413,汽车行业,万向钱潮,000559
2414,汽车行业,福田汽车,600166
2415,汽车行业,凯众股份,603037
2416,汽车行业,浩物股份,000757
2417,汽车行业,万通智控,300643
2418,汽车行业,派生科技,300176
2419,汽车行业,南方轴承,002553
2420,汽车行业,精锻科技,300258
2421,汽车行业,隆基机械,002363
2422,汽车行业,一汽富维,600742
2423,汽车行业,亚普股份,603013
2424,汽车行业,宁波华翔,002048
2425,汽车行业,豪迈科技,002595
2426,汽车行业,朗博科技,603655
2427,汽车行业,兴民智通,002355
2428,汽车行业,京威股份,002662
2429,汽车行业,金龙汽车,600686
2430,汽车行业,ST安凯,000868
2431,汽车行业,亚星客车,600213
2432,汽车行业,跃岭股份,002725
2433,汽车行业,中马传动,603767
2434,汽车行业,常青股份,603768
2435,汽车行业,长  安Ｂ,200625
2436,汽车行业,贵州轮胎,000589
2437,汽车行业,C松原,300893
2438,汽车行业,中国中期,000996
2439,汽车行业,宁波高发,603788
2440,汽车行业,今飞凯达,002863
2441,汽车行业,新泉股份,603179
2442,汽车行业,苏奥传感,300507
2443,汽车行业,万里扬,002434
2444,汽车行业,广汇汽车,600297
2445,汽车行业,卡倍亿,300863
2446,汽车行业,威孚高科,000581
2447,汽车行业,东风科技,600081
2448,汽车行业,东安动力,600178
2449,汽车行业,蠡湖股份,300694
2450,汽车行业,欣锐科技,300745
2451,汽车行业,光启技术,002625
2452,汽车行业,金固股份,002488
2453,汽车行业,*ST夏利,000927
2454,汽车行业,秦安股份,603758
2455,汽车行业,豪能股份,603809
2456,汽车行业,曙光股份,600303
2457,港口水运,盐 田 港,000088
2458,港口水运,锦港Ｂ股,900952
2459,港口水运,厦门港务,000905
2460,港口水运,珠海港,000507
2461,港口水运,招港B,201872
2462,港口水运,招商轮船,601872
2463,港口水运,连云港,601008
2464,港口水运,重庆港九,600279
2465,港口水运,锦州港,600190
2466,港口水运,长航凤凰,000520
2467,港口水运,上港集团,600018
2468,港口水运,宁波海运,600798
2469,港口水运,青岛港,601298
2470,港口水运,招商南油,601975
2471,港口水运,秦港股份,601326
2472,港口水运,营口港,600317
2473,港口水运,中远海发,601866
2474,港口水运,南 京 港,002040
2475,港口水运,日照港,600017
2476,港口水运,招商港口,001872
2477,港口水运,唐山港,601000
2478,港口水运,天津港,600717
2479,港口水运,广州港,601228
2480,港口水运,大连港,601880
2481,港口水运,淮河能源,600575
2482,港口水运,海峡股份,002320
2483,港口水运,北部湾港,000582
2484,港口水运,中远海能,600026
2485,港口水运,宁波港,601018
2486,港口水运,中远海控,601919
2487,港口水运,渤海轮渡,603167
2488,港口水运,中远海特,600428
2489,煤炭采选,*ST大洲,000571
2490,煤炭采选,ST天首,000611
2491,煤炭采选,恒源煤电,600971
2492,煤炭采选,山煤国际,600546
2493,煤炭采选,ST安泰,600408
2494,煤炭采选,*ST平能,000780
2495,煤炭采选,中国神华,601088
2496,煤炭采选,云煤能源,600792
2497,煤炭采选,大有能源,600403
2498,煤炭采选,伊泰Ｂ股,900948
2499,煤炭采选,安源煤业,600397
2500,煤炭采选,昊华能源,601101
2501,煤炭采选,辽宁能源,600758
2502,煤炭采选,中煤能源,601898
2503,煤炭采选,陕西黑猫,601015
2504,煤炭采选,金能科技,603113
2505,煤炭采选,新集能源,601918
2506,煤炭采选,山西焦化,600740
2507,煤炭采选,兰花科创,600123
2508,煤炭采选,平煤股份,601666
2509,煤炭采选,郑州煤电,600121
2510,煤炭采选,大同煤业,601001
2511,煤炭采选,上海能源,600508
2512,煤炭采选,开滦股份,600997
2513,煤炭采选,盘江股份,600395
2514,煤炭采选,宝泰隆,601011
2515,煤炭采选,西山煤电,000983
2516,煤炭采选,潞安环能,601699
2517,煤炭采选,淮北矿业,600985
2518,煤炭采选,陕西煤业,601225
2519,煤炭采选,阳泉煤业,600348
2520,煤炭采选,冀中能源,000937
2521,煤炭采选,兖州煤业,600188
2522,煤炭采选,靖远煤电,000552
2523,煤炭采选,美锦能源,000723
2524,煤炭采选,露天煤业,002128
2525,环保工程,中环环保,300692
2526,环保工程,世纪星源,000005
2527,环保工程,迪森股份,300335
2528,环保工程,东旭蓝天,000040
2529,环保工程,天壕环境,300332
2530,环保工程,艾可蓝,300816
2531,环保工程,旺能环境,002034
2532,环保工程,德创环保,603177
2533,环保工程,科融环境,300152
2534,环保工程,东江环保,002672
2535,环保工程,中再资环,600217
2536,环保工程,长青集团,002616
2537,环保工程,伟明环保,603568
2538,环保工程,清新环境,002573
2539,环保工程,中持股份,603903
2540,环保工程,金科环境,688466
2541,环保工程,岭南股份,002717
2542,环保工程,卓越新能,688196
2543,环保工程,金圆股份,000546
2544,环保工程,惠城环保,300779
2545,环保工程,高能环境,603588
2546,环保工程,上海洗霸,603200
2547,环保工程,三峰环境,601827
2548,环保工程,德林海,688069
2549,环保工程,远达环保,600292
2550,环保工程,维尔利,300190
2551,环保工程,复洁环保,688335
2552,环保工程,富春环保,002479
2553,环保工程,恒誉环保,688309
2554,环保工程,上海环境,601200
2555,环保工程,*ST节能,000820
2556,环保工程,碧水源,300070
2557,环保工程,海峡环保,603817
2558,环保工程,万德斯,688178
2559,环保工程,启迪环境,000826
2560,环保工程,联泰环保,603797
2561,环保工程,中国天楹,000035
2562,环保工程,津膜科技,300334
2563,环保工程,博世科,300422
2564,环保工程,博天环境,603603
2565,环保工程,鹏鹞环保,300664
2566,环保工程,先河环保,300137
2567,环保工程,蒙草生态,300355
2568,环保工程,国祯环保,300388
2569,环保工程,万邦达,300055
2570,环保工程,中创环保,300056
2571,环保工程,中建环能,300425
2572,环保工程,华控赛格,000068
2573,环保工程,永清环保,300187
2574,环保工程,路德环境,688156
2575,环保工程,兴源环境,300266
2576,环保工程,绿色动力,601330
2577,环保工程,中材节能,603126
2578,环保工程,盈峰环境,000967
2579,环保工程,南大环境,300864
2580,环保工程,圣元环保,300867
2581,环保工程,中电环保,300172
2582,环保工程,巴安水务,300262
2583,玻璃陶瓷,福莱特,601865
2584,玻璃陶瓷,亚玛顿,002623
2585,玻璃陶瓷,安彩高科,600207
2586,玻璃陶瓷,南  玻Ａ,000012
2587,玻璃陶瓷,德力股份,002571
2588,玻璃陶瓷,福耀玻璃,600660
2589,玻璃陶瓷,旗滨集团,601636
2590,玻璃陶瓷,洛阳玻璃,600876
2591,玻璃陶瓷,蒙娜丽莎,002918
2592,玻璃陶瓷,耀皮Ｂ股,900918
2593,玻璃陶瓷,南  玻Ｂ,200012
2594,玻璃陶瓷,耀皮玻璃,600819
2595,玻璃陶瓷,中材科技,002080
2596,玻璃陶瓷,秀强股份,300160
2597,玻璃陶瓷,宏和科技,603256
2598,玻璃陶瓷,四通股份,603838
2599,玻璃陶瓷,山东药玻,600529
2600,玻璃陶瓷,三星新材,603578
2601,玻璃陶瓷,悦心健康,002162
2602,玻璃陶瓷,海南发展,002163
2603,玻璃陶瓷,文化长城,300089
2604,玻璃陶瓷,山东华鹏,603021
2605,玻璃陶瓷,松发股份,603268
2606,玻璃陶瓷,金刚玻璃,300093
2607,玻璃陶瓷,中国巨石,600176
2608,玻璃陶瓷,鲁阳节能,002088
2609,玻璃陶瓷,菲利华,300395
2610,玻璃陶瓷,九鼎新材,002201
2611,玻璃陶瓷,山东玻纤,605006
2612,珠宝首饰,爱迪尔,002740
2613,珠宝首饰,*ST金洲,000587
2614,珠宝首饰,飞亚达,000026
2615,珠宝首饰,*ST舜喆B,200168
2616,珠宝首饰,老凤祥Ｂ,900905
2617,珠宝首饰,周大生,002867
2618,珠宝首饰,莱绅通灵,603900
2619,珠宝首饰,飞亚达Ｂ,200026
2620,珠宝首饰,老凤祥,600612
2621,珠宝首饰,明牌珠宝,002574
2622,珠宝首饰,金一文化,002721
2623,珠宝首饰,萃华珠宝,002731
2624,珠宝首饰,*ST金钰,600086
2625,珠宝首饰,潮宏基,002345
2626,电信运营,鹏博士,600804
2627,电信运营,中国联通,600050
2628,电信运营,光环新网,300383
2629,电信运营,国脉科技,002093
2630,电信运营,二六三,002467
2631,电力行业,太阳能,000591
2632,电力行业,安靠智电,300617
2633,电力行业,固德威,688390
2634,电力行业,甘肃电投,000791
2635,电力行业,中闽能源,600163
2636,电力行业,京运通,601908
2637,电力行业,银星能源,000862
2638,电力行业,嘉泽新能,601619
2639,电力行业,江苏新能,603693
2640,电力行业,华能国际,600011
2641,电力行业,宁波热电,600982
2642,电力行业,湖南发展,000722
2643,电力行业,联美控股,600167
2644,电力行业,福能股份,600483
2645,电力行业,中国广核,003816
2646,电力行业,长江电力,600900
2647,电力行业,川能动力,000155
2648,电力行业,大连热电,600719
2649,电力行业,晶科科技,601778
2650,电力行业,黔源电力,002039
2651,电力行业,国投电力,600886
2652,电力行业,梅雁吉祥,600868
2653,电力行业,桂东电力,600310
2654,电力行业,明星电力,600101
2655,电力行业,广州发展,600098
2656,电力行业,深南电B,200037
2657,电力行业,江苏国信,002608
2658,电力行业,豫能控股,001896
2659,电力行业,长源电力,000966
2660,电力行业,文山电力,600995
2661,电力行业,西昌电力,600505
2662,电力行业,韶能股份,000601
2663,电力行业,协鑫能科,002015
2664,电力行业,吉电股份,000875
2665,电力行业,粤电力Ａ,000539
2666,电力行业,上海电力,600021
2667,电力行业,通宝能源,600780
2668,电力行业,华银电力,600744
2669,电力行业,华电能源,600726
2670,电力行业,国电电力,600795
2671,电力行业,川投能源,600674
2672,电力行业,乐山电力,600644
2673,电力行业,凌云Ｂ股,900957
2674,电力行业,华电B股,900937
2675,电力行业,中国核电,601985
2676,电力行业,赣能股份,000899
2677,电力行业,金山股份,600396
2678,电力行业,内蒙华电,600863
2679,电力行业,开普检测,003008
2680,电力行业,粤电力Ｂ,200539
2681,电力行业,京能电力,600578
2682,电力行业,湖北能源,000883
2683,电力行业,建投能源,000600
2684,电力行业,三峡水利,600116
2685,电力行业,大唐发电,601991
2686,电力行业,穗恒运Ａ,000531
2687,电力行业,闽东电力,000993
2688,电力行业,聆达股份,300125
2689,电力行业,深圳能源,000027
2690,电力行业,申昊科技,300853
2691,电力行业,宝新能源,000690
2692,电力行业,漳泽电力,000767
2693,电力行业,华电国际,600027
2694,电力行业,郴电国际,600969
2695,电力行业,深南电A,000037
2696,电力行业,天富能源,600509
2697,电力行业,华能水电,600025
2698,电力行业,皖能电力,000543
2699,电力行业,涪陵电力,600452
2700,电力行业,浙能电力,600023
2701,电力行业,广安爱众,600979
2702,电力行业,桂冠电力,600236
2703,电力行业,*ST永泰,600157
2704,电子信息,安硕信息,300380
2705,电子信息,若羽臣,003010
2706,电子信息,安恒信息,688023
2707,电子信息,国联股份,603613
2708,电子信息,民德电子,300656
2709,电子信息,多伦科技,603528
2710,电子信息,雷科防务,002413
2711,电子信息,青鸟消防,002960
2712,电子信息,捷顺科技,002609
2713,电子信息,朗玛信息,300288
2714,电子信息,平治信息,300571
2715,电子信息,华虹计通,300330
2716,电子信息,世纪瑞尔,300150
2717,电子信息,新智认知,603869
2718,电子信息,星网宇达,002829
2719,电子信息,三利谱,002876
2720,电子信息,深桑达Ａ,000032
2721,电子信息,富春股份,300299
2722,电子信息,奇安信-U,688561
2723,电子信息,华测导航,300627
2724,电子信息,证通电子,002197
2725,电子信息,生 意 宝,002095
2726,电子信息,联创电子,002036
2727,电子信息,天地数码,300743
2728,电子信息,恺英网络,002517
2729,电子信息,云赛Ｂ股,900901
2730,电子信息,恒信东方,300081
2731,电子信息,京天利,300399
2732,电子信息,朗科科技,300042
2733,电子信息,金智科技,002090
2734,电子信息,三五互联,300051
2735,电子信息,天津磁卡,600800
2736,电子信息,锐明技术,002970
2737,电子信息,惠威科技,002888
2738,电子信息,威胜信息,688100
2739,电子信息,中科创达,300496
2740,电子信息,*ST高升,000971
2741,电子信息,天地在线,002995
2742,电子信息,新 大 陆,000997
2743,电子信息,思维列控,603508
2744,电子信息,胜蓝股份,300843
2745,电子信息,朗科智能,300543
2746,电子信息,仁东控股,002647
2747,电子信息,二三四五,002195
2748,电子信息,德生科技,002908
2749,电子信息,共进股份,603118
2750,电子信息,恒银科技,603106
2751,电子信息,汇纳科技,300609
2752,电子信息,方直科技,300235
2753,电子信息,新北洋,002376
2754,电子信息,焦点科技,002315
2755,电子信息,广电运通,002152
2756,电子信息,浙大网新,600797
2757,电子信息,雷柏科技,002577
2758,电子信息,盛天网络,300494
2759,电子信息,新亚制程,002388
2760,电子信息,国网信通,600131
2761,电子信息,中青宝,300052
2762,电子信息,云赛智联,600602
2763,电子信息,值得买,300785
2764,电子信息,深科技,000021
2765,电子信息,思创医惠,300078
2766,电子信息,浪潮信息,000977
2767,电子信息,运达科技,300440
2768,电子信息,利欧股份,002131
2769,电子信息,亚联发展,002316
2770,电子信息,春秋电子,603890
2771,电子信息,漫步者,002351
2772,电子信息,国新健康,000503
2773,电子信息,同方股份,600100
2774,电子信息,创意信息,300366
2775,电子信息,东方财富,300059
2776,电子信息,深纺织Ｂ,200045
2777,电子信息,久远银海,002777
2778,电子信息,恒宝股份,002104
2779,电子信息,方正科技,600601
2780,电子信息,神思电子,300479
2781,电子信息,大恒科技,600288
2782,电子信息,东软载波,300183
2783,电子信息,和晶科技,300279
2784,电子信息,优博讯,300531
2785,电子信息,上海钢联,300226
2786,电子信息,紫光股份,000938
2787,电子信息,优刻得-W,688158
2788,电子信息,初灵信息,300250
2789,电子信息,华东电脑,600850
2790,电子信息,浙江富润,600070
2791,电子信息,中国长城,000066
2792,电子信息,康拓红外,300455
2793,电子信息,掌趣科技,300315
2794,电子信息,兆日科技,300333
2795,电子信息,新国都,300130
2796,电子信息,天箭科技,002977
2797,电子信息,左江科技,300799
2798,电子信息,慧辰资讯,688500
2799,电子信息,润欣科技,300493
2800,电子信息,ST厦华,600870
2801,电子信息,中科曙光,603019
2802,电子信息,每日互动,300766
2803,电子信息,芯朋微,688508
2804,电子信息,神州信息,000555
2805,电子信息,远 望 谷,002161
2806,电子信息,三七互娱,002555
2807,电子信息,协创数据,300857
2808,电子信息,世纪华通,002602
2809,电子信息,力合微,688589
2810,电子信息,盟升电子,688311
2811,电子信息,科远智慧,002380
2812,电子信息,御银股份,002177
2813,电子信息,同为股份,002835
2814,电子信息,熙菱信息,300588
2815,电子信息,浩丰科技,300419
2816,电子元件,伟时电子,605218
2817,电子元件,新洁能,605111
2818,电子元件,立昂微,605358
2819,电子元件,太龙照明,300650
2820,电子元件,珈伟新能,300317
2821,电子元件,华阳集团,002906
2822,电子元件,*ST雪莱,002076
2823,电子元件,*ST东科,000727
2824,电子元件,晶丰明源,688368
2825,电子元件,圣邦股份,300661
2826,电子元件,航天彩虹,002389
2827,电子元件,乾照光电,300102
2828,电子元件,东旭光电,000413
2829,电子元件,华体科技,603679
2830,电子元件,天喻信息,300205
2831,电子元件,移远通信,603236
2832,电子元件,隆利科技,300752
2833,电子元件,长方集团,300301
2834,电子元件,东旭B,200413
2835,电子元件,思瑞浦,688536
2836,电子元件,意华股份,002897
2837,电子元件,卓胜微,300782
2838,电子元件,天合光能,688599
2839,电子元件,广东骏亚,603386
2840,电子元件,艾华集团,603989
2841,电子元件,深华发Ａ,000020
2842,电子元件,鸿远电子,603267
2843,电子元件,动力源,600405
2844,电子元件,爱克股份,300889
2845,电子元件,协鑫集成,002506
2846,电子元件,激智科技,300566
2847,电子元件,*ST融捷,002192
2848,电子元件,中航光电,002179
2849,电子元件,宝明科技,002992
2850,电子元件,航天机电,600151
2851,电子元件,智动力,300686
2852,电子元件,宏发股份,600885
2853,电子元件,正业科技,300410
2854,电子元件,韦尔股份,603501
2855,电子元件,金龙机电,300032
2856,电子元件,鸿利智汇,300219
2857,电子元件,田中精机,300461
2858,电子元件,兴瑞科技,002937
2859,电子元件,京泉华,002885
2860,电子元件,超华科技,002288
2861,电子元件,深华发Ｂ,200020
2862,电子元件,联合光电,300691
2863,电子元件,雄韬股份,002733
2864,电子元件,易德龙,603380
2865,电子元件,恒久科技,002808
2866,电子元件,太辰光,300570
2867,电子元件,和而泰,002402
2868,电子元件,久量股份,300808
2869,电子元件,景旺电子,603228
2870,电子元件,水晶光电,002273
2871,电子元件,中京电子,002579
2872,电子元件,兴森科技,002436
2873,电子元件,法拉电子,600563
2874,电子元件,光韵达,300227
2875,电子元件,ST宇顺,002289
2876,电子元件,紫光国微,002049
2877,电子元件,通富微电,002156
2878,电子元件,瑞丰光电,300241
2879,电子元件,杉杉股份,600884
2880,电子元件,聚灿光电,300708
2881,电子元件,*ST中新,603996
2882,电子元件,ST巴士,002188
2883,电子元件,徕木股份,603633
2884,电子元件,华锋股份,002806
2885,电子元件,华灿光电,300323
2886,电子元件,晶晨股份,688099
2887,电子元件,洲明科技,300232
2888,电子元件,胜宏科技,300476
2889,电子元件,光莆股份,300632
2890,电子元件,恒铭达,002947
2891,电子元件,风华高科,000636
2892,电子元件,视源股份,002841
2893,电子元件,联得装备,300545
2894,电子元件,海能实业,300787
2895,电子元件,立讯精密,002475
2896,电子元件,锐科激光,300747
2897,电子元件,领益智造,002600
2898,电子元件,ST电能,600877
2899,电子元件,碳元科技,603133
2900,电子元件,精伦电子,600355
2901,电子元件,天华超净,300390
2902,电子元件,三雄极光,300625
2903,电子元件,富满电子,300671
2904,电子元件,维信诺,002387
2905,电子元件,*ST猛狮,002684
2906,电子元件,深纺织Ａ,000045
2907,电子元件,台基股份,300046
2908,电子元件,深圳华强,000062
2909,电子元件,南都电源,300068
2910,电子元件,南亚新材,688519
2911,电子元件,洁美科技,002859
2912,电子元件,奥拓电子,002587
2913,电子元件,瀛通通讯,002861
2914,电子元件,飞荣达,300602
2915,电子元件,久之洋,300516
2916,电子元件,电连技术,300679
2917,电子元件,晶方科技,603005
2918,电子元件,中光学,002189
2919,电子元件,四创电子,600990
2920,电子元件,沃格光电,603773
2921,电子元件,欧普照明,603515
2922,电子元件,环旭电子,601231
2923,电子元件,彩虹股份,600707
2924,电子元件,旭光电子,600353
2925,电子元件,四会富仕,300852
2926,电子元件,得润电子,002055
2927,电子元件,芯瑞达,002983
2928,电子元件,欧陆通,300870
2929,电子元件,鹏鼎控股,002938
2930,电子元件,蓝特光学,688127
2931,电子元件,航天电器,002025
2932,电子元件,同兴达,002845
2933,电子元件,龙腾光电,688055
2934,电子元件,奥士康,002913
2935,电子元件,泰晶科技,603738
2936,电子元件,*ST飞乐,600651
2937,电子元件,澜起科技,688008
2938,电子元件,超频三,300647
2939,电子元件,长电科技,600584
2940,电子元件,金安国纪,002636
2941,电子元件,盈趣科技,002925
2942,电子元件,佛山照明,000541
2943,电子元件,东晶电子,002199
2944,电子元件,深天马Ａ,000050
2945,电子元件,*ST九有,600462
2946,电子元件,生益科技,600183
2947,电子元件,火炬电子,603678
2948,电子元件,维科技术,600152
2949,电子元件,华微电子,600360
2950,电子元件,*ST华映,000536
2951,电子元件,天通股份,600330
2952,电子元件,江海股份,002484
2953,电子元件,华天科技,002185
2954,电子元件,阳光照明,600261
2955,电子元件,华润微,688396
2956,电子元件,富瀚微,300613
2957,电子元件,歌尔股份,002241
2958,电子元件,聚辰股份,688123
2959,电子元件,深南电路,002916
2960,电子元件,弘信电子,300657
2961,电子元件,博通集成,603068
2962,电子元件,光峰科技,688007
2963,电子元件,鹏辉能源,300438
2964,电子元件,威创股份,002308
2965,电子元件,传艺科技,002866
2966,电子元件,三环集团,300408
2967,电子元件,兆易创新,603986
2968,电子元件,京东方Ｂ,200725
2969,电子元件,国星光电,002449
2970,电子元件,寒武纪-U,688256
2971,电子元件,ST瑞德,600666
2972,电子元件,福蓉科技,603327
2973,电子元件,得邦照明,603303
2974,电子元件,粤照明Ｂ,200541
2975,电子元件,惠伦晶体,300460
2976,电子元件,麦捷科技,300319
2977,电子元件,华工科技,000988
2978,电子元件,乐鑫科技,688018
2979,电子元件,世运电路,603920
2980,电子元件,北京君正,300223
2981,电子元件,安洁科技,002635
2982,电子元件,中科三环,000970
2983,电子元件,海科B,900938
2984,电子元件,睿能科技,603933
2985,电子元件,中芯国际-U,688981
2986,电子元件,浩洋股份,300833
2987,电子元件,福晶科技,002222
2988,电子元件,可立克,002782
2989,电子元件,三安光电,600703
2990,电子元件,澄天伟业,300689
2991,电子元件,德赛电池,000049
2992,电子元件,精研科技,300709
2993,电子元件,欧菲光,002456
2994,电子元件,达华智能,002512
2995,电子元件,康强电子,002119
2996,电子元件,长信科技,300088
2997,电子元件,丹邦科技,002618
2998,电子元件,聚飞光电,300303
2999,电子元件,力源信息,300184
3000,电子元件,斯达半导,603290
3001,电子元件,太极实业,600667
3002,电子元件,博敏电子,603936
3003,电子元件,莱宝高科,002106
3004,电子元件,*ST实达,600734
3005,电子元件,铭普光磁,002902
3006,电子元件,星星科技,300256
3007,电子元件,麦达数字,002137
3008,电子元件,铂科新材,300811
3009,电子元件,亿纬锂能,300014
3010,电子元件,北方华创,002371
3011,电子元件,国光电器,002045
3012,电子元件,天津普林,002134
3013,电子元件,森霸传感,300701
3014,电子元件,上海贝岭,600171
3015,电子元件,合力泰,002217
3016,电子元件,崇达技术,002815
3017,电子元件,佳禾智能,300793
3018,电子元件,纳思达,002180
3019,电子元件,国民技术,300077
3020,电子元件,龙磁科技,300835
3021,电子元件,派瑞股份,300831
3022,电子元件,神宇股份,300563
3023,电子元件,铜峰电子,600237
3024,电子元件,苏州固锝,002079
3025,电子元件,敏芯股份,688286
3026,电子元件,宇瞳光学,300790
3027,电子元件,超声电子,000823
3028,电子元件,英飞特,300582
3029,电子元件,国科微,300672
3030,电子元件,TCL科技,000100
3031,电子元件,沪电股份,002463
3032,电子元件,全志科技,300458
3033,电子元件,利亚德,300296
3034,电子元件,依顿电子,603328
3035,电子元件,亚世光电,002952
3036,电子元件,五方光电,002962
3037,电子元件,雷曼光电,300162
3038,电子元件,木林森,002745
3039,电子元件,海洋王,002724
3040,电子元件,瑞芯微,603893
3041,电子元件,明阳电路,300739
3042,电子元件,中石科技,300684
3043,电子元件,捷荣技术,002855
3044,电子元件,艾比森,300389
3045,电子元件,沪硅产业-U,688126
3046,电子元件,好利来,002729
3047,电子元件,汇顶科技,603160
3048,电子元件,京东方Ａ,000725
3049,电子元件,安克创新,300866
3050,电子元件,光弘科技,300735
3051,电子元件,士兰微,600460
3052,电子元件,宏达电子,300726
3053,电子元件,美格智能,002881
3054,电子元件,中船汉光,300847
3055,电子元件,中光防雷,300414
3056,电子元件,英唐智控,300131
3057,电子元件,贝仕达克,300822
3058,电子元件,中颖电子,300327
3059,电子元件,联创光电,600363
3060,电子元件,朝阳科技,002981
3061,电子元件,力鼎光电,605118
3062,电子元件,金运激光,300220
3063,电子元件,亿华通-U,688339
3064,电子元件,长盈精密,300115
3065,电子元件,银河磁体,300127
3066,电子元件,共达电声,002655
3067,电子元件,顺络电子,002138
3068,电子元件,捷捷微电,300623
3069,电子元件,锦富技术,300128
3070,电子元件,晓程科技,300139
3071,电子元件,扬杰科技,300373
3072,电子元件,奥海科技,002993
3073,电子元件,振华科技,000733
3074,电子元件,经纬辉开,300120
3075,电子元件,茂硕电源,002660
3076,石油行业,和顺石油,603353
3077,石油行业,准油股份,002207
3078,石油行业,大庆华科,000985
3079,石油行业,广聚能源,000096
3080,石油行业,潜能恒信,300191
3081,石油行业,通源石油,300164
3082,石油行业,胜利股份,000407
3083,石油行业,中国石化,600028
3084,石油行业,中国石油,601857
3085,石油行业,上海石化,600688
3086,石油行业,博迈科,603727
3087,石油行业,泰山石油,000554
3088,石油行业,龙宇燃油,603003
3089,石油行业,新潮能源,600777
3090,石油行业,茂化实华,000637
3091,石油行业,高科石化,002778
3092,石油行业,博汇股份,300839
3093,石油行业,海油发展,600968
3094,石油行业,海油工程,600583
3095,石油行业,石化油服,600871
3096,石油行业,华锦股份,000059
3097,石油行业,岳阳兴长,000819
3098,石油行业,海越能源,600387
3099,石油行业,洲际油气,600759
3100,石油行业,贝肯能源,002828
3101,石油行业,沃施股份,300483
3102,石油行业,惠博普,002554
3103,石油行业,中海油服,601808
3104,石油行业,延长化建,600248
3105,石油行业,东华能源,002221
3106,石油行业,国际实业,000159
3107,石油行业,中曼石油,603619
3108,石油行业,*ST中天,600856
3109,石油行业,恒泰艾普,300157
3110,石油行业,广汇能源,600256
3111,石油行业,蓝焰控股,000968
3112,石油行业,ST仁智,002629
3113,石油行业,沈阳化工,000698
3114,石油行业,杰瑞股份,002353
3115,石油行业,申能股份,600642
3116,纺织服装,旷达科技,002516
3117,纺织服装,兴业科技,002674
3118,纺织服装,棒杰股份,002634
3119,纺织服装,乔治白,002687
3120,纺织服装,森马服饰,002563
3121,纺织服装,南纺股份,600250
3122,纺织服装,伟星股份,002003
3123,纺织服装,浪莎股份,600137
3124,纺织服装,*ST 中绒,000982
3125,纺织服装,健盛集团,603558
3126,纺织服装,星期六,002291
3127,纺织服装,红豆股份,600400
3128,纺织服装,延江股份,300658
3129,纺织服装,歌力思,603808
3130,纺织服装,梦洁股份,002397
3131,纺织服装,际华集团,601718
3132,纺织服装,三毛B股,900922
3133,纺织服装,汇洁股份,002763
3134,纺织服装,诺邦股份,603238
3135,纺织服装,雅戈尔,600177
3136,纺织服装,上海三毛,600689
3137,纺织服装,新澳股份,603889
3138,纺织服装,龙头股份,600630
3139,纺织服装,ST摩登,002656
3140,纺织服装,孚日股份,002083
3141,纺织服装,华茂股份,000850
3142,纺织服装,安正时尚,603839
3143,纺织服装,安奈儿,002875
3144,纺织服装,嘉欣丝绸,002404
3145,纺织服装,金发拉比,002762
3146,纺织服装,金春股份,300877
3147,纺织服装,金鹰股份,600232
3148,纺织服装,华斯股份,002494
3149,纺织服装,地素时尚,603587
3150,纺织服装,百隆东方,601339
3151,纺织服装,罗莱生活,002293
3152,纺织服装,富安娜,002327
3153,纺织服装,美邦服饰,002269
3154,纺织服装,七 匹 狼,002029
3155,纺织服装,航民股份,600987
3156,纺织服装,哈森股份,603958
3157,纺织服装,锦泓集团,603518
3158,纺织服装,巨星农牧,603477
3159,纺织服装,水星家纺,603365
3160,纺织服装,红蜻蜓,603116
3161,纺织服装,康隆达,603665
3162,纺织服装,台华新材,603055
3163,纺织服装,新野纺织,002087
3164,纺织服装,美尔雅,600107
3165,纺织服装,牧高笛,603908
3166,纺织服装,如意集团,002193
3167,纺织服装,凤竹纺织,600493
3168,纺织服装,联发股份,002394
3169,纺织服装,众望布艺,605003
3170,纺织服装,鲁  泰Ａ,000726
3171,纺织服装,*ST环球,600146
3172,纺织服装,搜于特,002503
3173,纺织服装,聚杰微纤,300819
3174,纺织服装,报 喜 鸟,002154
3175,纺织服装,华升股份,600156
3176,纺织服装,开润股份,300577
3177,纺织服装,宏达高科,002144
3178,纺织服装,天创时尚,603608
3179,纺织服装,三房巷,600370
3180,纺织服装,鹿港文化,601599
3181,纺织服装,奥康国际,603001
3182,纺织服装,柏堡龙,002776
3183,纺织服装,*ST拉夏,603157
3184,纺织服装,比音勒芬,002832
3185,纺织服装,太平鸟,603877
3186,纺织服装,华纺股份,600448
3187,纺织服装,日播时尚,603196
3188,纺织服装,海澜之家,600398
3189,纺织服装,万里马,300591
3190,纺织服装,鲁  泰Ｂ,200726
3191,纺织服装,*ST贵人,603555
3192,纺织服装,探路者,300005
3193,纺织服装,酷特智能,300840
3194,纺织服装,九牧王,601566
3195,纺织服装,嘉麟杰,002486
3196,纺织服装,朗姿股份,002612
3197,纺织服装,起步股份,603557
3198,纺织服装,ST步森,002569
3199,纺织服装,江苏阳光,600220
3200,综合行业,海联金汇,002537
3201,综合行业,*ST北能,000803
3202,综合行业,数源科技,000909
3203,综合行业,金利华电,300069
3204,综合行业,金晶科技,600586
3205,综合行业,中广核技,000881
3206,综合行业,华金资本,000532
3207,综合行业,特  力Ｂ,200025
3208,综合行业,广电计量,002967
3209,综合行业,复旦复华,600624
3210,综合行业,中国宝安,000009
3211,综合行业,中钢天源,002057
3212,综合行业,申华控股,600653
3213,综合行业,*ST飞马,002210
3214,综合行业,*ST鼎龙,002502
3215,综合行业,恒大高新,002591
3216,综合行业,宁波联合,600051
3217,综合行业,综艺股份,600770
3218,综合行业,华测检测,300012
3219,综合行业,*ST工新,600701
3220,综合行业,同达创业,600647
3221,综合行业,*ST江泉,600212
3222,综合行业,*ST新亿,600145
3223,综合行业,三木集团,000632
3224,综合行业,悦达投资,600805
3225,综合行业,麦克奥迪,300341
3226,综合行业,常山北明,000158
3227,综合行业,粤桂股份,000833
3228,综合行业,泰达股份,000652
3229,综合行业,*ST中珠,600568
3230,综合行业,ST地矿,000409
3231,综合行业,中信国安,000839
3232,综合行业,现代投资,000900
3233,综合行业,南极电商,002127
3234,综合行业,丽鹏股份,002374
3235,综合行业,浙江东日,600113
3236,综合行业,鲁银投资,600784
3237,综合行业,广东甘化,000576
3238,综合行业,新能泰山,000720
3239,综合行业,三峡新材,600293
3240,综合行业,特  力Ａ,000025
3241,综合行业,朗源股份,300175
3242,综合行业,科斯伍德,300192
3243,综合行业,鲁信创投,600783
3244,综合行业,天宸股份,600620
3245,航天航空,晨曦航空,300581
3246,航天航空,中天火箭,003009
3247,航天航空,新余国科,300722
3248,航天航空,洪都航空,600316
3249,航天航空,中航电子,600372
3250,航天航空,炼石航空,000697
3251,航天航空,北斗星通,002151
3252,航天航空,新兴装备,002933
3253,航天航空,光电股份,600184
3254,航天航空,中航飞机,000768
3255,航天航空,航天电子,600879
3256,航天航空,航天发展,000547
3257,航天航空,航发动力,600893
3258,航天航空,航发科技,600391
3259,航天航空,新研股份,300159
3260,航天航空,江航装备,688586
3261,航天航空,北摩高科,002985
3262,航天航空,爱乐达,300696
3263,航天航空,中航沈飞,600760
3264,航天航空,天和防务,300397
3265,航天航空,航发控制,000738
3266,航天航空,安达维尔,300719
3267,航天航空,中直股份,600038
3268,航天航空,中国卫星,600118
3269,航天航空,景嘉微,300474
3270,航天航空,海特高新,002023
3271,航天航空,三角防务,300775
3272,航天航空,赛微电子,300456
3273,航天航空,中航重机,600765
3274,航天航空,中航机电,002013
3275,航天航空,航新科技,300424
3276,航天航空,中航高科,600862
3277,船舶制造,江龙船艇,300589
3278,船舶制造,中船防务,600685
3279,船舶制造,天海防务,300008
3280,船舶制造,亚星锚链,601890
3281,船舶制造,中船科技,600072
3282,船舶制造,中科海讯,300810
3283,船舶制造,中国船舶,600150
3284,船舶制造,宝鼎科技,002552
3285,船舶制造,中国重工,601989
3286,船舶制造,海兰信,300065
3287,船舶制造,瑞特股份,300600
3288,船舶制造,亚光科技,300123
3289,装修装饰,中装建设,002822
3290,装修装饰,金 螳 螂,002081
3291,装修装饰,中天精装,002989
3292,装修装饰,东易日盛,002713
3293,装修装饰,建艺集团,002789
3294,装修装饰,维业股份,300621
3295,装修装饰,弘高创意,002504
3296,装修装饰,华立股份,603038
3297,装修装饰,ST罗顿,600209
3298,装修装饰,奇信股份,002781
3299,装修装饰,法狮龙,605318
3300,装修装饰,海鸥住工,002084
3301,装修装饰,广田集团,002482
3302,装修装饰,洪涛股份,002325
3303,装修装饰,郑中设计,002811
3304,装修装饰,华凯创意,300592
3305,装修装饰,名家汇,300506
3306,装修装饰,方大集团,000055
3307,装修装饰,时空科技,605178
3308,装修装饰,ST创兴,600193
3309,装修装饰,中铁装配,300374
3310,装修装饰,瑞和股份,002620
3311,装修装饰,全筑股份,603030
3312,装修装饰,亚厦股份,002375
3313,装修装饰,柯利达,603828
3314,装修装饰,惠达卫浴,603385
3315,装修装饰,名雕股份,002830
3316,装修装饰,宝鹰股份,002047
3317,装修装饰,建霖家居,603408
3318,装修装饰,江河集团,601886
3319,装修装饰,杰恩设计,300668
3320,装修装饰,美芝股份,002856
3321,贵金属,济南高新,600807
3322,贵金属,*ST金贵,002716
3323,贵金属,*ST荣华,600311
3324,贵金属,中金黄金,600489
3325,贵金属,园城黄金,600766
3326,贵金属,山东黄金,600547
3327,贵金属,中润资源,000506
3328,贵金属,赤峰黄金,600988
3329,贵金属,西部黄金,601069
3330,贵金属,恒邦股份,002237
3331,贵金属,紫金矿业,601899
3332,贵金属,*ST刚泰,600687
3333,贵金属,湖南黄金,002155
3334,贵金属,盛达资源,000603
3335,贵金属,贵研铂业,600459
3336,软件服务,科创信息,300730
3337,软件服务,美亚柏科,300188
3338,软件服务,赛意信息,300687
3339,软件服务,柏楚电子,688188
3340,软件服务,宝通科技,300031
3341,软件服务,山石网科,688030
3342,软件服务,浩云科技,300448
3343,软件服务,金山办公,688111
3344,软件服务,荣科科技,300290
3345,软件服务,深南股份,002417
3346,软件服务,*ST晨鑫,002447
3347,软件服务,*ST信通,600289
3348,软件服务,佳华科技,688051
3349,软件服务,佳发教育,300559
3350,软件服务,维宏股份,300508
3351,软件服务,豆神教育,300010
3352,软件服务,拓尔思,300229
3353,软件服务,虹软科技,688088
3354,软件服务,依米康,300249
3355,软件服务,京北方,002987
3356,软件服务,新晨科技,300542
3357,软件服务,网达软件,603189
3358,软件服务,广联达,002410
3359,软件服务,致远互联,688369
3360,软件服务,恒华科技,300365
3361,软件服务,深信服,300454
3362,软件服务,中孚信息,300659
3363,软件服务,*ST天润,002113
3364,软件服务,麦迪科技,603990
3365,软件服务,高伟达,300465
3366,软件服务,信息发展,300469
3367,软件服务,赛为智能,300044
3368,软件服务,海量数据,603138
3369,软件服务,拉卡拉,300773
3370,软件服务,宇信科技,300674
3371,软件服务,神州数码,000034
3372,软件服务,万兴科技,300624
3373,软件服务,丝路视觉,300556
3374,软件服务,中远海科,002401
3375,软件服务,太极股份,002368
3376,软件服务,华宇软件,300271
3377,软件服务,川大智胜,002253
3378,软件服务,中科金财,002657
3379,软件服务,彩讯股份,300634
3380,软件服务,泛微网络,603039
3381,软件服务,朗新科技,300682
3382,软件服务,安博通,688168
3383,软件服务,宝兰德,688058
3384,软件服务,*ST天夏,000662
3385,软件服务,佳云科技,300242
3386,软件服务,信雅达,600571
3387,软件服务,能科股份,603859
3388,软件服务,长亮科技,300348
3389,软件服务,ST凯瑞,002072
3390,软件服务,国农科技,000004
3391,软件服务,中科信息,300678
3392,软件服务,远光软件,002063
3393,软件服务,南天信息,000948
3394,软件服务,积成电子,002339
3395,软件服务,ST运盛,600767
3396,软件服务,顺利办,000606
3397,软件服务,理工环科,002322
3398,软件服务,东方电子,000682
3399,软件服务,众应互联,002464
3400,软件服务,创业慧康,300451
3401,软件服务,迪威迅,300167
3402,软件服务,恒生电子,600570
3403,软件服务,博彦科技,002649
3404,软件服务,山大地纬,688579
3405,软件服务,四方精创,300468
3406,软件服务,唐源电气,300789
3407,软件服务,航天宏图,688066
3408,软件服务,ST中安,600654
3409,软件服务,*ST中昌,600242
3410,软件服务,科蓝软件,300663
3411,软件服务,华软科技,002453
3412,软件服务,东方通,300379
3413,软件服务,吉比特,603444
3414,软件服务,宝信软件,600845
3415,软件服务,宝信Ｂ,900926
3416,软件服务,格尔软件,603232
3417,软件服务,金溢科技,002869
3418,软件服务,思特奇,300608
3419,软件服务,博汇科技,688004
3420,软件服务,华平股份,300074
3421,软件服务,数字政通,300075
3422,软件服务,电魂网络,603258
3423,软件服务,启明星辰,002439
3424,软件服务,辰安科技,300523
3425,软件服务,久其软件,002279
3426,软件服务,捷成股份,300182
3427,软件服务,泽达易盛,688555
3428,软件服务,真视通,002771
3429,软件服务,浪潮软件,600756
3430,软件服务,中新赛克,002912
3431,软件服务,蓝盾股份,300297
3432,软件服务,顶点软件,603383
3433,软件服务,福昕软件,688095
3434,软件服务,冰川网络,300533
3435,软件服务,会畅通讯,300578
3436,软件服务,和仁科技,300550
3437,软件服务,佳都科技,600728
3438,软件服务,佳创视讯,300264
3439,软件服务,数字认证,300579
3440,软件服务,旋极信息,300324
3441,软件服务,金财互联,002530
3442,软件服务,科大讯飞,002230
3443,软件服务,天泽信息,300209
3444,软件服务,任子行,300311
3445,软件服务,延华智能,002178
3446,软件服务,网宿科技,300017
3447,软件服务,龙软科技,688078
3448,软件服务,数据港,603881
3449,软件服务,达实智能,002421
3450,软件服务,航天信息,600271
3451,软件服务,千方科技,002373
3452,软件服务,超图软件,300036
3453,软件服务,中国软件,600536
3454,软件服务,湘邮科技,600476
3455,软件服务,金证股份,600446
3456,软件服务,绿盟科技,300369
3457,软件服务,汉得信息,300170
3458,软件服务,开普云,688228
3459,软件服务,直真科技,003007
3460,软件服务,顺网科技,300113
3461,软件服务,东方国信,300166
3462,软件服务,万集科技,300552
3463,软件服务,*ST富控,600634
3464,软件服务,凌志软件,688588
3465,软件服务,卫 士 通,002268
3466,软件服务,石基信息,002153
3467,软件服务,南威软件,603636
3468,软件服务,大智慧,601519
3469,软件服务,海联讯,300277
3470,软件服务,拓维信息,002261
3471,软件服务,奥飞数据,300738
3472,软件服务,赢时胜,300377
3473,软件服务,卫宁健康,300253
3474,软件服务,普元信息,688118
3475,软件服务,荣联科技,002642
3476,软件服务,天源迪科,300047
3477,软件服务,东华软件,002065
3478,软件服务,北信源,300352
3479,软件服务,吉大通信,300597
3480,软件服务,中科星图,688568
3481,软件服务,同花顺,300033
3482,软件服务,飞利信,300287
3483,软件服务,恒锋信息,300605
3484,软件服务,银信科技,300231
3485,软件服务,万达信息,300168
3486,软件服务,盛视科技,002990
3487,软件服务,今天国际,300532
3488,软件服务,博思软件,300525
3489,软件服务,飞天诚信,300386
3490,软件服务,迅游科技,300467
3491,软件服务,皖通科技,002331
3492,软件服务,当虹科技,688039
3493,软件服务,天玑科技,300245
3494,软件服务,东软集团,600718
3495,软件服务,汉鼎宇佑,300300
3496,软件服务,博睿数据,688229
3497,软件服务,正元智慧,300645
3498,软件服务,四维图新,002405
3499,软件服务,金桥信息,603918
3500,软件服务,华胜天成,600410
3501,软件服务,三六零,601360
3502,软件服务,榕基软件,002474
3503,软件服务,神州泰岳,300002
3504,软件服务,启明信息,002232
3505,软件服务,汉王科技,002362
3506,软件服务,汇金科技,300561
3507,软件服务,华力创通,300045
3508,软件服务,芯原股份-U,688521
3509,软件服务,光云科技,688365
3510,软件服务,立昂技术,300603
3511,软件服务,中电兴发,002298
3512,软件服务,太空智造,300344
3513,软件服务,*ST联络,002280
3514,软件服务,用友网络,600588
3515,软件服务,易联众,300096
3516,软件服务,鼎捷软件,300378
3517,软件服务,先进数通,300541
3518,软件服务,游族网络,002174
3519,软件服务,易华录,300212
3520,软件服务,新开普,300248
3521,软件服务,财富趋势,688318
3522,软件服务,卓易信息,688258
3523,软件服务,捷安高科,300845
3524,软件服务,天阳科技,300872
3525,软件服务,海航科技,600751
3526,软件服务,银之杰,300085
3527,软件服务,云涌科技,688060
3528,软件服务,银江股份,300020
3529,软件服务,诚迈科技,300598
3530,软件服务,润和软件,300339
3531,软件服务,恒实科技,300513
3532,软件服务,同有科技,300302
3533,软件服务,万方发展,000638
3534,软件服务,中科软,603927
3535,软件服务,科大国创,300520
3536,软件服务,指南针,300803
3537,软件服务,C铜牛,300895
3538,软件服务,竞业达,003005
3539,软件服务,*ST天娱,002354
3540,软件服务,金现代,300830
3541,软件服务,盛讯达,300518
3542,软件服务,首都在线,300846
3543,软件服务,芯海科技,688595
3544,输配电气,青岛中程,300208
3545,输配电气,中元股份,300018
3546,输配电气,上能电气,300827
3547,输配电气,泰胜风能,300129
3548,输配电气,东方日升,300118
3549,输配电气,九洲集团,300040
3550,输配电气,中能电气,300062
3551,输配电气,禾望电气,603063
3552,输配电气,天顺风能,002531
3553,输配电气,长高集团,002452
3554,输配电气,安科瑞,300286
3555,输配电气,百利电气,600468
3556,输配电气,新宏泰,603016
3557,输配电气,双一科技,300690
3558,输配电气,节能风电,601016
3559,输配电气,华自科技,300490
3560,输配电气,双杰电气,300444
3561,输配电气,芯能科技,603105
3562,输配电气,蓝海华腾,300484
3563,输配电气,金风科技,002202
3564,输配电气,阳光电源,300274
3565,输配电气,特变电工,600089
3566,输配电气,东方电缆,603606
3567,输配电气,易事特,300376
3568,输配电气,捷昌驱动,603583
3569,输配电气,麦格米特,002851
3570,输配电气,大烨智能,300670
3571,输配电气,良信电器,002706
3572,输配电气,天能重工,300569
3573,输配电气,长园集团,600525
3574,输配电气,*ST银河,000806
3575,输配电气,电科院,300215
3576,输配电气,泰豪科技,600590
3577,输配电气,*ST华仪,600290
3578,输配电气,广电电气,601616
3579,输配电气,科泰电源,300153
3580,输配电气,骆驼股份,601311
3581,输配电气,宝光股份,600379
3582,输配电气,金冠股份,300510
3583,输配电气,太阳电缆,002300
3584,输配电气,正泰电器,601877
3585,输配电气,海得控制,002184
3586,输配电气,洛凯股份,603829
3587,输配电气,南洋股份,002212
3588,输配电气,*ST东电,000585
3589,输配电气,国电南自,600268
3590,输配电气,英威腾,002334
3591,输配电气,万马股份,002276
3592,输配电气,国电南瑞,600406
3593,输配电气,光一科技,300356
3594,输配电气,和顺电气,300141
3595,输配电气,汇金通,603577
3596,输配电气,起帆电缆,605222
3597,输配电气,金杯电工,002533
3598,输配电气,白云电器,603861
3599,输配电气,汉缆股份,002498
3600,输配电气,宝胜股份,600973
3601,输配电气,北京科锐,002350
3602,输配电气,露笑科技,002617
3603,输配电气,神马电力,603530
3604,输配电气,振江股份,603507
3605,输配电气,四方股份,601126
3606,输配电气,ST天成,600112
3607,输配电气,科士达,002518
3608,输配电气,*ST科林,002499
3609,输配电气,中超控股,002471
3610,输配电气,顺钠股份,000533
3611,输配电气,天正电气,605066
3612,输配电气,中利集团,002309
3613,输配电气,凯迪股份,605288
3614,输配电气,公牛集团,603195
3615,输配电气,长城电工,600192
3616,输配电气,尚纬股份,603333
3617,输配电气,ST远程,002692
3618,输配电气,智光电气,002169
3619,输配电气,杭电股份,603618
3620,输配电气,众业达,002441
3621,输配电气,森源电气,002358
3622,输配电气,中恒电气,002364
3623,输配电气,大连电瓷,002606
3624,输配电气,泰永长征,002927
3625,输配电气,通合科技,300491
3626,输配电气,长城科技,603897
3627,输配电气,三变科技,002112
3628,输配电气,天沃科技,002564
3629,输配电气,奥 特 迅,002227
3630,输配电气,保变电气,600550
3631,输配电气,摩恩电气,002451
3632,输配电气,科大智能,300222
3633,输配电气,许继电气,000400
3634,输配电气,新联电子,002546
3635,输配电气,金龙羽,002882
3636,输配电气,智慧能源,600869
3637,输配电气,合纵科技,300477
3638,输配电气,上海电气,601727
3639,输配电气,特锐德,300001
3640,输配电气,长缆科技,002879
3641,输配电气,柘中股份,002346
3642,输配电气,融钰集团,002622
3643,输配电气,平高电气,600312
3644,输配电气,风范股份,601700
3645,输配电气,盛洋科技,603703
3646,输配电气,圣阳股份,002580
3647,输配电气,红相股份,300427
3648,输配电气,伊戈尔,002922
3649,输配电气,海兴电力,603556
3650,输配电气,国网英大,600517
3651,输配电气,通达股份,002560
3652,输配电气,科华恒盛,002335
3653,输配电气,中环装备,300140
3654,输配电气,科林电气,603050
3655,输配电气,通光线缆,300265
3656,输配电气,英可瑞,300713
3657,输配电气,卧龙电驱,600580
3658,输配电气,思源电气,002028
3659,输配电气,中国西电,601179
3660,输配电气,昇辉科技,300423
3661,输配电气,金雷股份,300443
3662,输配电气,通达动力,002576
3663,输配电气,*ST兆新,002256
3664,输配电气,全信股份,300447
3665,输配电气,东方电气,600875
3666,通讯行业,传音控股,688036
3667,通讯行业,广哈通信,300711
3668,通讯行业,*ST同洲,002052
3669,通讯行业,邦讯技术,300312
3670,通讯行业,永鼎股份,600105
3671,通讯行业,福日电子,600203
3672,通讯行业,百邦科技,300736
3673,通讯行业,万马科技,300698
3674,通讯行业,宁通信B,200468
3675,通讯行业,*ST博信,600083
3676,通讯行业,超讯通信,603322
3677,通讯行业,华脉科技,603042
3678,通讯行业,亿通科技,300211
3679,通讯行业,中贝通信,603220
3680,通讯行业,有方科技,688159
3681,通讯行业,*ST索菱,002766
3682,通讯行业,凯乐科技,600260
3683,通讯行业,高斯贝尔,002848
3684,通讯行业,中通国脉,603559
3685,通讯行业,欣天科技,300615
3686,通讯行业,振芯科技,300101
3687,通讯行业,新易盛,300502
3688,通讯行业,路通视信,300555
3689,通讯行业,合众思壮,002383
3690,通讯行业,剑桥科技,603083
3691,通讯行业,海格通信,002465
3692,通讯行业,中海达,300177
3693,通讯行业,中兴通讯,000063
3694,通讯行业,仕佳光子-U,688313
3695,通讯行业,卓翼科技,002369
3696,通讯行业,*ST美讯,600898
3697,通讯行业,梦网集团,002123
3698,通讯行业,通宇通讯,002792
3699,通讯行业,中际旭创,300308
3700,通讯行业,天邑股份,300504
3701,通讯行业,东信Ｂ股,900941
3702,通讯行业,工业富联,601138
3703,通讯行业,汇源通信,000586
3704,通讯行业,光库科技,300620
3705,通讯行业,中天科技,600522
3706,通讯行业,中国卫通,601698
3707,通讯行业,*ST航通,600677
3708,通讯行业,*ST信威,600485
3709,通讯行业,世纪鼎利,300050
3710,通讯行业,辉煌科技,002296
3711,通讯行业,科信技术,300565
3712,通讯行业,东土科技,300353
3713,通讯行业,鼎信通讯,603421
3714,通讯行业,特发信息,000070
3715,通讯行业,震有科技,688418
3716,通讯行业,数码科技,300079
3717,通讯行业,长江通信,600345
3718,通讯行业,烽火电子,000561
3719,通讯行业,三维通信,002115
3720,通讯行业,南京熊猫,600775
3721,通讯行业,亿联网络,300628
3722,通讯行业,高鸿股份,000851
3723,通讯行业,富通鑫茂,000836
3724,通讯行业,奥维通信,002231
3725,通讯行业,光迅科技,002281
3726,通讯行业,烽火通信,600498
3727,通讯行业,吴通控股,300292
3728,通讯行业,北纬科技,002148
3729,通讯行业,恒为科技,603496
3730,通讯行业,日海智能,002313
3731,通讯行业,海能达,002583
3732,通讯行业,亨通光电,600487
3733,通讯行业,七一二,603712
3734,通讯行业,中富通,300560
3735,通讯行业,大唐电信,600198
3736,通讯行业,移为通信,300590
3737,通讯行业,大富科技,300134
3738,通讯行业,润建股份,002929
3739,通讯行业,友讯达,300514
3740,通讯行业,创维数字,000810
3741,通讯行业,金信诺,300252
3742,通讯行业,天孚通信,300394
3743,通讯行业,中嘉博创,000889
3744,通讯行业,数知科技,300038
3745,通讯行业,佳讯飞鸿,300213
3746,通讯行业,杰赛科技,002544
3747,通讯行业,博创科技,300548
3748,通讯行业,瑞斯康达,603803
3749,通讯行业,东信和平,002017
3750,通讯行业,盛路通信,002446
3751,通讯行业,长飞光纤,601869
3752,通讯行业,上海瀚讯,300762
3753,通讯行业,东方通信,600776
3754,通讯行业,路畅科技,002813
3755,通讯行业,通鼎互联,002491
3756,通讯行业,广和通,300638
3757,通讯行业,波导股份,600130
3758,通讯行业,星网锐捷,002396
3759,通讯行业,天音控股,000829
3760,通讯行业,欣旺达,300207
3761,通讯行业,国盾量子,688027
3762,通讯行业,闻泰科技,600745
3763,通讯行业,ST新海,002089
3764,通讯行业,兴图新科,688081
3765,通讯行业,宜通世纪,300310
3766,通讯行业,信维通信,300136
3767,通讯行业,*ST华讯,000687
3768,通讯行业,硕贝德,300322
3769,通讯行业,武汉凡谷,002194
3770,通讯行业,纵横通信,603602
3771,通讯行业,华星创业,300025
3772,通讯行业,万隆光电,300710
3773,通讯行业,迪普科技,300768
3774,造纸印刷,百亚股份,003006
3775,造纸印刷,龙利得,300883
3776,造纸印刷,环球印务,002799
3777,造纸印刷,粤华包Ｂ,200986
3778,造纸印刷,博汇纸业,600966
3779,造纸印刷,鸿博股份,002229
3780,造纸印刷,岳阳林纸,600963
3781,造纸印刷,仙鹤股份,603733
3782,造纸印刷,冠豪高新,600433
3783,造纸印刷,荣晟环保,603165
3784,造纸印刷,恒丰纸业,600356
3785,造纸印刷,晨  鸣Ｂ,200488
3786,造纸印刷,新宏泽,002836
3787,造纸印刷,松炀资源,603863
3788,造纸印刷,宜宾纸业,600793
3789,造纸印刷,民丰特纸,600235
3790,造纸印刷,集友股份,603429
3791,造纸印刷,中顺洁柔,002511
3792,造纸印刷,青山纸业,600103
3793,造纸印刷,东港股份,002117
3794,造纸印刷,华泰股份,600308
3795,造纸印刷,京华激光,603607
3796,造纸印刷,晨鸣纸业,000488
3797,造纸印刷,景兴纸业,002067
3798,造纸印刷,山鹰纸业,600567
3799,造纸印刷,永吉股份,603058
3800,造纸印刷,齐峰新材,002521
3801,造纸印刷,翔港科技,603499
3802,造纸印刷,太阳纸业,002078
3803,造纸印刷,凯恩股份,002012
3804,造纸印刷,美利云,000815
3805,造纸印刷,豪悦护理,605009
3806,造纸印刷,滨海能源,000695
3807,造纸印刷,裕同科技,002831
3808,造纸印刷,天元股份,003003
3809,酿酒行业,ST舍得,600702
3810,酿酒行业,青岛啤酒,600600
3811,酿酒行业,珠江啤酒,002461
3812,酿酒行业,伊力特,600197
3813,酿酒行业,ST椰岛,600238
3814,酿酒行业,老白干酒,600559
3815,酿酒行业,古井贡酒,000596
3816,酿酒行业,燕京啤酒,000729
3817,酿酒行业,ST通葡,600365
3818,酿酒行业,古井贡Ｂ,200596
3819,酿酒行业,兰州黄河,000929
3820,酿酒行业,贵州茅台,600519
3821,酿酒行业,*ST西发,000752
3822,酿酒行业,酒鬼酒,000799
3823,酿酒行业,口子窖,603589
3824,酿酒行业,山西汾酒,600809
3825,酿酒行业,张  裕Ｂ,200869
3826,酿酒行业,张  裕Ａ,000869
3827,酿酒行业,五 粮 液,000858
3828,酿酒行业,惠泉啤酒,600573
3829,酿酒行业,水井坊,600779
3830,酿酒行业,金种子酒,600199
3831,酿酒行业,迎驾贡酒,603198
3832,酿酒行业,金徽酒,603919
3833,酿酒行业,金枫酒业,600616
3834,酿酒行业,ST威龙,603779
3835,酿酒行业,顺鑫农业,000860
3836,酿酒行业,今世缘,603369
3837,酿酒行业,洋河股份,002304
3838,酿酒行业,会稽山,601579
3839,酿酒行业,莫高股份,600543
3840,酿酒行业,青青稞酒,002646
3841,酿酒行业,泸州老窖,000568
3842,酿酒行业,华致酒行,300755
3843,酿酒行业,古越龙山,600059
3844,酿酒行业,重庆啤酒,600132
3845,酿酒行业,ST中葡,600084
3846,金属制品,新劲刚,300629
3847,金属制品,恒星科技,002132
3848,金属制品,恒锋工具,300488
3849,金属制品,东山精密,002384
3850,金属制品,大金重工,002487
3851,金属制品,华民股份,300345
3852,金属制品,中房股份,600890
3853,金属制品,恒润股份,603985
3854,金属制品,巨星科技,002444
3855,金属制品,派克新材,605123
3856,金属制品,爱康科技,002610
3857,金属制品,巨力索具,002342
3858,金属制品,泰嘉股份,002843
3859,金属制品,西部超导,688122
3860,金属制品,东睦股份,600114
3861,金属制品,新坐标,603040
3862,金属制品,海昌新材,300885
3863,金属制品,好太太,603848
3864,金属制品,大业股份,603278
3865,金属制品,扬子新材,002652
3866,金属制品,金洲管道,002443
3867,金属制品,*ST胜利,002426
3868,金属制品,*ST胜尔,000890
3869,金属制品,奥瑞金,002701
3870,金属制品,中集集团,000039
3871,金属制品,方大Ｂ,200055
3872,金属制品,科达利,002850
3873,金属制品,盛德鑫泰,300881
3874,金属制品,华正新材,603186
3875,金属制品,丰华股份,600615
3876,金属制品,ST沪科,600608
3877,金属制品,松霖科技,603992
3878,金属制品,坚朗五金,002791
3879,金属制品,广大特材,688186
3880,金属制品,力星股份,300421
3881,金属制品,丽岛新材,603937
3882,金属制品,利通电子,603629
3883,金属制品,通润装备,002150
3884,金属制品,中飞股份,300489
3885,金属制品,祥鑫科技,002965
3886,金属制品,星徽精密,300464
3887,金属制品,世嘉科技,002796
3888,金属制品,宝馨科技,002514
3889,金属制品,贵绳股份,600992
3890,金属制品,安泰科技,000969
3891,金属制品,精达股份,600577
3892,金属制品,贤丰控股,002141
3893,金属制品,宜安科技,300328
3894,金属制品,华达新材,605158
3895,金属制品,瑞玛工业,002976
3896,金属制品,大西洋,600558
3897,金属制品,玉龙股份,601028
3898,金属制品,新兴铸管,000778
3899,金属制品,*ST康盛,002418
3900,金属制品,哈尔斯,002615
3901,金属制品,银龙股份,603969
3902,金属制品,春兴精工,002547
3903,金属制品,凤形股份,002760
3904,金属制品,昇兴股份,002752
3905,金属制品,华光新材,688379
3906,金属制品,新日恒力,600165
3907,金属制品,创世纪,300083
3908,金属制品,华翔股份,603112
3909,金属制品,锐新科技,300828
3910,金属制品,图南股份,300855
3911,金属制品,赛福天,603028
3912,金属制品,科森科技,603626
3913,钢铁行业,安宁股份,002978
3914,钢铁行业,日上集团,002593
3915,钢铁行业,金岭矿业,000655
3916,钢铁行业,宝钢股份,600019
3917,钢铁行业,宏达矿业,600532
3918,钢铁行业,鄂资Ｂ股,900936
3919,钢铁行业,本钢板材,000761
3920,钢铁行业,沙钢股份,002075
3921,钢铁行业,海南矿业,601969
3922,钢铁行业,方大特钢,600507
3923,钢铁行业,鄂尔多斯,600295
3924,钢铁行业,包钢股份,600010
3925,钢铁行业,本钢板Ｂ,200761
3926,钢铁行业,河钢股份,000709
3927,钢铁行业,八一钢铁,600581
3928,钢铁行业,南钢股份,600282
3929,钢铁行业,柳钢股份,601003
3930,钢铁行业,安阳钢铁,600569
3931,钢铁行业,久立特材,002318
3932,钢铁行业,常宝股份,002478
3933,钢铁行业,马钢股份,600808
3934,钢铁行业,鞍钢股份,000898
3935,钢铁行业,永兴材料,002756
3936,钢铁行业,三钢闽光,002110
3937,钢铁行业,新钢股份,600782
3938,钢铁行业,西宁特钢,600117
3939,钢铁行业,酒钢宏兴,600307
3940,钢铁行业,重庆钢铁,601005
3941,钢铁行业,太钢不锈,000825
3942,钢铁行业,凌钢股份,600231
3943,钢铁行业,华菱钢铁,000932
3944,钢铁行业,山东钢铁,600022
3945,钢铁行业,ST抚钢,600399
3946,钢铁行业,中信特钢,000708
3947,钢铁行业,韶钢松山,000717
3948,钢铁行业,杭钢股份,600126
3949,钢铁行业,首钢股份,000959
3950,钢铁行业,武进不锈,603878
3951,银行,平安银行,000001
3952,银行,兴业银行,601166
3953,银行,光大银行,601818
3954,银行,成都银行,601838
3955,银行,工商银行,601398
3956,银行,中信银行,601998
3957,银行,建设银行,601939
3958,银行,中国银行,601988
3959,银行,浙商银行,601916
3960,银行,农业银行,601288
3961,银行,民生银行,600016
3962,银行,华夏银行,600015
3963,银行,渝农商行,601077
3964,银行,浦发银行,600000
3965,银行,交通银行,601328
3966,银行,邮储银行,601658
3967,银行,北京银行,601169
3968,银行,长沙银行,601577
3969,银行,江阴银行,002807
3970,银行,杭州银行,600926
3971,银行,上海银行,601229
3972,银行,招商银行,600036
3973,银行,南京银行,601009
3974,银行,青岛银行,002948
3975,银行,郑州银行,002936
3976,银行,苏州银行,002966
3977,银行,贵阳银行,601997
3978,银行,苏农银行,603323
3979,银行,无锡银行,600908
3980,银行,西安银行,600928
3981,银行,紫金银行,601860
3982,银行,青农商行,002958
3983,银行,江苏银行,600919
3984,银行,常熟银行,601128
3985,银行,张家港行,002839
3986,银行,宁波银行,002142
3987,食品饮料,德利股份,605198
3988,食品饮料,青海春天,600381
3989,食品饮料,日辰股份,603755
3990,食品饮料,妙可蓝多,600882
3991,食品饮料,贝因美,002570
3992,食品饮料,惠发食品,603536
3993,食品饮料,金字火腿,002515
3994,食品饮料,中炬高新,600872
3995,食品饮料,千禾味业,603027
3996,食品饮料,双汇发展,000895
3997,食品饮料,中宠股份,002891
3998,食品饮料,海天味业,603288
3999,食品饮料,雪天盐业,600929
4000,食品饮料,燕塘乳业,002732
4001,食品饮料,得利斯,002330
4002,食品饮料,恒顺醋业,600305
4003,食品饮料,好想你,002582
4004,食品饮料,百润股份,002568
4005,食品饮料,华统股份,002840
4006,食品饮料,天味食品,603317
4007,食品饮料,光明乳业,600597
4008,食品饮料,有友食品,603697
4009,食品饮料,天润乳业,600419
4010,食品饮料,星湖科技,600866
4011,食品饮料,安琪酵母,600298
4012,食品饮料,双塔食品,002481
4013,食品饮料,克明面业,002661
4014,食品饮料,养元饮品,603156
4015,食品饮料,三只松鼠,300783
4016,食品饮料,庄园牧场,002910
4017,食品饮料,佩蒂股份,300673
4018,食品饮料,伊利股份,600887
4019,食品饮料,ST加加,002650
4020,食品饮料,维维股份,600300
4021,食品饮料,西麦食品,002956
4022,食品饮料,佳隆股份,002495
4023,食品饮料,新诺威,300765
4024,食品饮料,花园生物,300401
4025,食品饮料,桃李面包,603866
4026,食品饮料,良品铺子,603719
4027,食品饮料,煌上煌,002695
4028,食品饮料,涪陵榨菜,002507
4029,食品饮料,ST科迪,002770
4030,食品饮料,ST中基,000972
4031,食品饮料,*ST麦趣,002719
4032,食品饮料,三元股份,600429
4033,食品饮料,安记食品,603696
4034,食品饮料,深粮控股,000019
4035,食品饮料,爱普股份,603020
4036,食品饮料,深粮B,200019
4037,食品饮料,科拓生物,300858
4038,食品饮料,广州酒家,603043
4039,食品饮料,金丹科技,300829
4040,食品饮料,海欣食品,002702
4041,食品饮料,绝味食品,603517
4042,食品饮料,仙乐健康,300791
4043,食品饮料,皇氏集团,002329
4044,食品饮料,西王食品,000639
4045,食品饮料,桂发祥,002820
4046,食品饮料,新乳业,002946
4047,食品饮料,盐津铺子,002847
4048,食品饮料,黑芝麻,000716
4049,食品饮料,上海梅林,600073
4050,食品饮料,国投中鲁,600962
4051,食品饮料,梅花生物,600873
4052,食品饮料,金达威,002626
4053,食品饮料,承德露露,000848
4054,食品饮料,吉林森工,600189
4055,食品饮料,汤臣倍健,300146
4056,食品饮料,莲花健康,600186
4057,食品饮料,嘉必优,688089
4058,食品饮料,元祖股份,603886
4059,食品饮料,广弘控股,000529
4060,食品饮料,保龄宝,002286
4061,食品饮料,均瑶健康,605388
4062,食品饮料,三全食品,002216
4063,食品饮料,华资实业,600191
4064,食品饮料,甘源食品,002991
4065,食品饮料,洽洽食品,002557
4066,食品饮料,南宁糖业,000911
4067,食品饮料,盐津铺子,002847
4068,食品饮料,黑芝麻,000716
4069,食品饮料,上海梅林,600073
4070,食品饮料,国投中鲁,600962
4071,食品饮料,梅花生物,600873
4072,食品饮料,金达威,002626
4073,食品饮料,承德露露,000848
4074,食品饮料,吉林森工,600189
4075,食品饮料,汤臣倍健,300146
4076,食品饮料,莲花健康,600186
4077,食品饮料,嘉必优,688089
4078,食品饮料,元祖股份,603886
4079,食品饮料,广弘控股,000529
4080,食品饮料,保龄宝,002286
4081,食品饮料,均瑶健康,605388
4082,食品饮料,三全食品,002216
4083,食品饮料,华资实业,600191
4084,食品饮料,甘源食品,002991
4085,食品饮料,洽洽食品,002557
4086,食品饮料,南宁糖业,000911
4087,食品饮料,同庆楼,605108
4088,食品饮料,道道全,002852
4089,食品饮料,华宝股份,300741
4090,食品饮料,安井食品,603345
4091,食品饮料,中粮糖业,600737
4092,食品饮料,香飘飘,603711
4093,食品饮料,C品渥,300892
4094,食品饮料,华文食品,003000
4095,高速公路,东莞控股,000828
4096,高速公路,福建高速,600033
4097,高速公路,城发环境,000885
4098,高速公路,粤高速Ｂ,200429
4099,高速公路,龙江交通,601188
4100,高速公路,招商公路,001965
4101,高速公路,宁沪高速,600377
4102,高速公路,楚天高速,600035
4103,高速公路,吉林高速,601518
4104,高速公路,四川成渝,601107
4105,高速公路,中原高速,600020
4106,高速公路,赣粤高速,600269
4107,高速公路,粤高速Ａ,000429
4108,高速公路,深高速,600548
4109,高速公路,山西路桥,000755
4110,高速公路,五洲交通,600368
4111,高速公路,湖南投资,000548
4112,高速公路,皖通高速,600012
4113,高速公路,重庆路桥,600106
4114,高速公路,山东高速,600350
